用例ID,用例标题,等级,用例类型,模块,用例目录,所属模块,执行档位,档位说明,技能分类,匹配说明,人工验收项,前置条件,步骤描述,预期结果
12903593,修改系统时间，状态栏正常同步,P2,,（顶部）状态栏/当前时间,整机软件V1.0/界面操作和任务设置/（顶部）状态栏/当前时间,整机软件V1.0/界面操作和任务设置/（顶部）状态栏/当前时间,A,机载 UI 可 Midscene 执行,convert_extra,进入、设置、修改,,机器人已开机，可修改系统时间,"1.进入系统设置
2.修改时区、修改系统时间后，查看状态栏时间",时间更新并正确显示，无错乱
12903594,Android图形界面修改系统时间，同步Linux从板,P0,,（顶部）状态栏/当前时间,整机软件V1.0/界面操作和任务设置/（顶部）状态栏/当前时间,整机软件V1.0/界面操作和任务设置/（顶部）状态栏/当前时间,B,Linux/双板终端；人工多次采样,convert_high,点击、等待,Linux/双板终端；人工多次采样,"1. Android主板与Linux正常连通；
2. 双板时间同步服务正常运行；
3. 双板初始时间、时区完全一致（记录初始时间如2026-04-9 10:00:00）；
4. Android已关闭自动时间同步，Linux已开启被动同步功能","1、1. 保持双板正常连接，同步服务处于运行状态；
2. 操作Android主板：设置 → 日期和时间 → 关闭“自动确定日期和时间”；
3. 手动修改Android时间为指定值（如2026-04-10 14:30:00），点击确认；
4. 等待5秒；
5. 登录Linux从板，终端执行命令“date”查看系统时间；
6. 记录双板时间偏差，重复测试3次。","1、1. Android主板时间成功修改为设定值；
2. Linux从板在5秒内同步为Android修改后的时间；
3. 双板时间偏差≤1秒；
4. 3次测试均满足上述要求，无异常。"
12903595,Android ADB命令修改系统时间，同步Linux从板,P2,,（顶部）状态栏/当前时间,整机软件V1.0/界面操作和任务设置/（顶部）状态栏/当前时间,整机软件V1.0/界面操作和任务设置/（顶部）状态栏/当前时间,B,ADB/命令行；Linux/双板终端；人工多次采样,convert_high,等待,ADB/命令行；Linux/双板终端；人工多次采样,"1. Android主板与Linux正常连通；
2. 双板时间同步服务正常运行；
3. 双板初始时间、时区完全一致（记录初始时间如2026-04-9 10:00:00）；
4. Android已关闭自动时间同步，Linux已开启被动同步功能
5.ADB工具连接正常","1、1. 保持双板正常连接，同步服务处于运行状态；
2. 电脑通过ADB连接Android主板，执行命令：adb shell date -s ""2026-04-10 16:45:30""（格式：YYYY-MM-DD HH:MM:SS）；
3. 等待5秒；
4. 登录Linux从板，终端执行命令“date”查看系统时间；
5. 记录双板时间偏差，重复测试3次。","1、1. ADB命令执行成功，Android主板时间修改为设定值；
2. Linux从板在5秒内同步为Android修改后的时间；
3. 3次测试均满足上述要求，无异常。"
12903596,Android修改时区，同步Linux从板（非跨日期）,P2,,（顶部）状态栏/当前时间,整机软件V1.0/界面操作和任务设置/（顶部）状态栏/当前时间,整机软件V1.0/界面操作和任务设置/（顶部）状态栏/当前时间,B,Linux/双板终端；人工多次采样,convert_high,点击、选择、等待,Linux/双板终端；人工多次采样,"1. Android主板与Linux正常连通；
2. 双板时间同步服务正常运行；
3. 双板初始时间、时区完全一致（记录初始时间如2026-04-9 10:00:00）；
4. Android已关闭自动时间同步，Linux已开启被动同步功能","1、1. 保持双板正常连接，同步服务处于运行状态；
2. 操作Android主板：设置 → 日期和时间 → 关闭“自动确定时区”；
3. 手动选择时区为“东京（UTC+9）”，点击确认；
4. 等待5秒；
5. 登录Linux从板，终端执行命令“timedatectl”查看时区和本地时间，执行“cat /etc/timezone”查看时区配置；
6. 对比双板时区和时间，重复测试2次（更换其他非跨日期时区，如伦敦UTC+0）。","1、1. Android主板时区成功修改为选定时区，本地时间自动适配时区；
2. Linux从板同步Android选定的时区；
3. Linux本地时间按新时区自动换算，与Android对应时区时间；
4. Linux /etc/timezone配置与Android时区一致；
5. 2次测试均满足上述要求。"
12903597,Android修改时区，同步Linux从板（跨国际日期变更线）,P2,,（顶部）状态栏/当前时间,整机软件V1.0/界面操作和任务设置/（顶部）状态栏/当前时间,整机软件V1.0/界面操作和任务设置/（顶部）状态栏/当前时间,B,Linux/双板终端,convert_high,选择、等待,Linux/双板终端,"1. Android主板与Linux正常连通；
2. 双板时间同步服务正常运行；
3. 双板初始时间、时区完全一致（记录初始时间如2026-04-9 10:00:00）；
4. Android已关闭自动时间同步，Linux已开启被动同步功能
5.Android初始时区为UTC+8（北京时间），当前时间为2026-04-10 10:00:00；3. Android已关闭自动时区同步。","1、1. 保持双板正常连接，同步服务处于运行状态；
2. 操作Android主板：设置 → 日期和时间 → 选择时区为“纽约（UTC-5）”；
3. 等待5秒；
4. 查看Android主板本地时间（应变为2026-04-09 21:00:00）；
5. 登录Linux从板，执行“timedatectl”和“date”命令，查看时区、本地时间和UTC时间；
6. 对比双板时区、日期、时间是否一致。","1、1. Android主板时区改为UTC-5，本地时间自动换算为对应日期和时间（跨日期）；
2. Linux从板在5秒内同步为UTC-5时区；
3. Linux本地时间、日期与Android完全一致，偏差≤1秒；
4. 双板UTC时间一致，无日期/时间错乱。"
12903598,Android主板重启后，主动同步时间/时区到Linux从板,P2,,（顶部）状态栏/当前时间,整机软件V1.0/界面操作和任务设置/（顶部）状态栏/当前时间,整机软件V1.0/界面操作和任务设置/（顶部）状态栏/当前时间,B,Linux/双板终端；长时重启/等待,convert_high,等待,Linux/双板终端；长时重启/等待,"1. Android主板与Linux正常连通；
2. 双板时间同步服务正常运行；
3. 双板初始时间、时区完全一致（记录初始时间如2026-04-9 10:00:00）；
4. Android已关闭自动时间同步，Linux已开启被动同步功能","1、1. 操作Android主板，重启设备；
2. 等待Android主板完全开机，同步服务自动启动（约1-3分钟）；
3. 开机后，修改Android时间为17:00:00.时区为UTC+9；4. 等待5秒；
5. 登录Linux从板，执行“date”和“timedatectl”命令查看时间和时区；6. 对比双板一致性。","1、1. Android主板正常开机，同步服务自动启动；
2. Android修改时间/时区成功；
3. Linux从板在5秒内同步为Android修改后的值；4. 双板时间，时区一致；
5. 无同步失效现象。"
12903599,Linux从板重启后，同步Android主板最新时间/时区,P2,,（顶部）状态栏/当前时间,整机软件V1.0/界面操作和任务设置/（顶部）状态栏/当前时间,整机软件V1.0/界面操作和任务设置/（顶部）状态栏/当前时间,B,Linux/双板终端；长时重启/等待,convert_high,等待,Linux/双板终端；长时重启/等待,"1. Android主板与Linux正常连通；
2. 双板时间同步服务正常运行；
3. 双板初始时间、时区完全一致（记录初始时间如2026-04-9 10:00:00）；
4. Android已关闭自动时间同步，Linux已开启被动同步功能","1、1. 保持Android主板正常运行，同步服务开启；
2. 登录Linux从板，执行命令“reboot”重启从板；
3. 等待Linux从板完全开机（约1-5分钟）；
4. 开机后，执行“date”和“timedatectl”命令查看时间和时区；
5. 对比与Android主板的一致性。","1、1. Linux从板正常开机，无硬件/软件异常；
2. 开机后自动启动同步服务，主动同步Android主板最新时间和时区；
3. 双板时间偏差≤1秒，时区完全一致；
4. 同步无失效、无延迟（开机后1分钟内完成同步）。"
12903600,双板时间同步（linux从板同步主板安卓时区/时间）,P2,,（顶部）状态栏/当前时间,整机软件V1.0/界面操作和任务设置/（顶部）状态栏/当前时间,整机软件V1.0/界面操作和任务设置/（顶部）状态栏/当前时间,B,Linux/双板终端；长时重启/等待,convert_mid,检查,Linux/双板终端；长时重启/等待,,"1、1.修改Android系统时区后检查是否自动调整，例如：将时区改为美国时区America/New_York：
sudo timedatectl set-timezone America/New_York
timedatectl status
2.重启系统后检查时区是否和重启前一致
sudo reboot
timedatectl status","1、1.Linux系统随Android系统时区变化，时区显示为：America/New_York，时间自动调整
2.时区与重启前一致"
12903193,信号状态改变，状态栏WiFi图标显示正确,P2,,（顶部）状态栏/信号状态,整机软件V1.0/界面操作和任务设置/（顶部）状态栏/信号状态,整机软件V1.0/界面操作和任务设置/（顶部）状态栏/信号状态,B,ADB/命令行,convert_extra,关闭,ADB/命令行,可独立控制 WiFi 开关/adb指令关闭（adb shell cmd wifi set-wifi-enabled false）,"1.关闭 WiFi，仅保留 4G
2.WiFi信号弱","1.WiFi 图标消失，4G 图标正常
2.WiFi信号格子根据信号强度填充5格部分区域"
12903683,充电中不可切换退出充电动画页面,P2,,（顶部）状态栏/电量状态,整机软件V1.0/界面操作和任务设置/（顶部）状态栏/电量状态,整机软件V1.0/界面操作和任务设置/（顶部）状态栏/电量状态,A,机载 UI 可 Midscene 执行,convert_high,点击,,设备状态正常，充电中,"1、1.查看充电动画页面显示
2.点击页面尝试退出",1、1.充电中，充电动画页面常驻显示，点击页面无响应不可退出
12903579,状态图标-黄色，暂停,P1,,（顶部）状态栏/机器人状态,整机软件V1.0/界面操作和任务设置/（顶部）状态栏/机器人状态,整机软件V1.0/界面操作和任务设置/（顶部）状态栏/机器人状态,A,机载 UI 可 Midscene 执行,convert_high,点击,,可手动暂停任务,作业中手动暂停任务（如屏幕点击暂停）,状态图标 + 文字为黄色，文字显示「暂停」
12903581,机器状态切换，状态图标同步显示,P0,,（顶部）状态栏/机器人状态,整机软件V1.0/界面操作和任务设置/（顶部）状态栏/机器人状态,整机软件V1.0/界面操作和任务设置/（顶部）状态栏/机器人状态,A,机载 UI 可 Midscene 执行,convert_high,点击,,"1.可暂停并恢复任务
2.可解除机器人故障","1.从作业中手动暂停，再恢复作业
2.异常状态解除后（如定位、点击过载等故障修复）","1.状态从黄色（暂停）→ 绿色（作业中），切换流畅
2.状态从红色（异常）→ 灰色（待机）或绿色（作业中）"
12903834,连续状态切换，机器人状态显示不混乱,P2,,（顶部）状态栏/UI交互,整机软件V1.0/界面操作和任务设置/（顶部）状态栏/UI交互,整机软件V1.0/界面操作和任务设置/（顶部）状态栏/UI交互,A,机载 UI 可 Midscene 执行,convert_extra,切换,,正常运行,1、快速连续切换状态（待机→作业→暂停→异常,1、机器人状态不混乱、不叠加、不卡住，图标跟随切换
12903736,地图栏点击弹窗地图切换列表,P2,,主界面展示/（左上）地图栏,整机软件V1.0/界面操作和任务设置/主界面展示/（左上）地图栏/地图栏UI交互,整机软件V1.0/界面操作和任务设置/主界面展示/（左上）地图栏/地图栏UI交互,A,机载 UI 可 Midscene 执行,convert_high,点击,,正常开机,1、1.进入首页，查看地图栏，点击地图栏,"1、1.弹窗地图切换列表页面，可下拉查看
2.有地图：列表展示当前机器所有建图，显示顺序按照地图创建的降序
3.无地图页面列表显示为空"
12903737,地图切换列表以地图组形式展示,P2,,主界面展示/（左上）地图栏,整机软件V1.0/界面操作和任务设置/主界面展示/（左上）地图栏/地图栏UI交互,整机软件V1.0/界面操作和任务设置/主界面展示/（左上）地图栏/地图栏UI交互,A,机载 UI 可 Midscene 执行,convert_high,点击,,"1.当前机器以建图多张A、B、C
2.当前定位存在关联地图A、B",1、1.点击地图栏，查看地图切换列表,"1、1.地图切换列表以地图组形式展示，选中地图默认选中整个地图组
2.选中地图后，所选地图组高亮选中态（页面显示‘地图组（以下地图已关联）A地图4个工作区、B地图3个工作区）
3.组图组选中后，页面有正在使用地图标签"
12903741,地图栏进入地图切换页面可切换地图，地图切换成功后地图栏显示切换后地图名称,P0,,主界面展示/（左上）地图栏,整机软件V1.0/界面操作和任务设置/主界面展示/（左上）地图栏/地图栏UI交互,整机软件V1.0/界面操作和任务设置/主界面展示/（左上）地图栏/地图栏UI交互,A,机载 UI 可 Midscene 执行,convert_high,点击,,当前定位创建多个关联地图,1、1.地图栏点击弹窗地图切换，选中地图切换，查看切换效果及名称显示,"1、1.单地图切换成功，地图栏显示切换后地图名称
2.地图组切换成功，地图栏显示地图组当前定位地图"
12903742,作业任务执行中地图栏不展示,P2,,主界面展示/（左上）地图栏,整机软件V1.0/界面操作和任务设置/主界面展示/（左上）地图栏/地图栏UI交互,整机软件V1.0/界面操作和任务设置/主界面展示/（左上）地图栏/地图栏UI交互,A,机载 UI 可 Midscene 执行,convert_mid,显示,,"1.当前定位正常
2.已建图","1、1.设置割草、集草、割吸一体任务
2.开始任务（自动任务、手动接管）
3.查看任务执行中包括任务暂停状态及返航回充中、前往任务点中，整机页面显示",1、页面不展示地图栏
12903743,地图栏名称切换过程流畅、稳定,P2,,主界面展示/（左上）地图栏,整机软件V1.0/界面操作和任务设置/主界面展示/（左上）地图栏/地图栏UI交互,整机软件V1.0/界面操作和任务设置/主界面展示/（左上）地图栏/地图栏UI交互,A,机载 UI 可 Midscene 执行,convert_mid,显示,,当前定位创建多个关联地图,"1、1.手动切换地图
2.定位在成功 / 失败间频繁切换
3.地图栏是否频繁闪烁、是否做防抖处理，保持显示稳定","1、1.切换过程流畅
2.地图名称切换前后稳定显示"
12904003,定位成功已建图，地图栏展示当前定位地图名称,P0,,主界面展示/（左上）地图栏,整机软件V1.0/界面操作和任务设置/主界面展示/（左上）地图栏/不同定位状态切换地图栏显示,整机软件V1.0/界面操作和任务设置/主界面展示/（左上）地图栏/不同定位状态切换地图栏显示,A,机载 UI 可 Midscene 执行,convert_extra,进入,,机器人定位成功，且当前有已建地图,"1. 确保机器人已完成至少一张地图建图；
2. 启动机器人，使其定位成功；
3. 进入地图页面，查看地图栏。",地图栏显示当前地图名称（如地图A），名称过长时自动滑动显示，无截断
12904004,定位丢失（语义地图定位丢失），地图栏显示有提示,P0,,主界面展示/（左上）地图栏,整机软件V1.0/界面操作和任务设置/主界面展示/（左上）地图栏/不同定位状态切换地图栏显示,整机软件V1.0/界面操作和任务设置/主界面展示/（左上）地图栏/不同定位状态切换地图栏显示,B,物理/射频环境,convert_mid,显示,物理/射频环境,当前定位已建图,"1、1.进入首页切换当前定位地图
2.地图栏显示当前定位地图时，手动模拟丢定位（遮挡传感器）
3.查看地图栏显示","1、1.首次进入，地图栏显示’定位丢失-切换地图‘，点击切换地图弹窗地图切换页面，任务列表为空提示定位丢失
2.非首次进入，定位丢失前地图栏显示当前定位地图名，
定位丢失后，地图栏显示‘定位丢失’（红字红框显示）及丢失前使用的地图名"
12904005,定位失败（rtk卫星定位丢失），地图栏显示有提示,P0,,主界面展示/（左上）地图栏,整机软件V1.0/界面操作和任务设置/主界面展示/（左上）地图栏/不同定位状态切换地图栏显示,整机软件V1.0/界面操作和任务设置/主界面展示/（左上）地图栏/不同定位状态切换地图栏显示,A,机载 UI 可 Midscene 执行,convert_extra,进入、关闭,,机器人定位失败（如 RTK/GPS 信号丢失）（adb指令可关闭？）,"1. 启动机器人，使其定位成功；
2. 模拟定位失败场景（如关闭 RTK/GPS /激光模块）；
3. 进入地图页面，查看地图栏。","1.首次进入，地图栏显示’定位丢失-切换地图‘，点击切换地图弹窗地图切换页面，任务列表为空提示定位丢失
2.非首次进入，地图栏显示’定位丢失-定位丢失前/上次作业地图名称‘，任务列表显示为定位丢失前任务，开始按钮不显示底部提示‘定位丢失，恢复定位后可开始任务’"
12904006,手动切换非当前定位地图，地图栏显示切换地图名称,P1,,主界面展示/（左上）地图栏,整机软件V1.0/界面操作和任务设置/主界面展示/（左上）地图栏/不同定位状态切换地图栏显示,整机软件V1.0/界面操作和任务设置/主界面展示/（左上）地图栏/不同定位状态切换地图栏显示,A,机载 UI 可 Midscene 执行,convert_extra,切换,,在不同区域创建多张地图,1、1.当前定位区域切换其他位置地图查看,"1、1.切换成功地图栏显示切换位置地图名称
2.地图栏定位标签显示‘定位丢失’"
12904007,未建图有卫星地图时，地图栏不显示,P2,,主界面展示/（左上）地图栏,整机软件V1.0/界面操作和任务设置/主界面展示/（左上）地图栏/不同定位状态切换地图栏显示,整机软件V1.0/界面操作和任务设置/主界面展示/（左上）地图栏/不同定位状态切换地图栏显示,A,机载 UI 可 Midscene 执行,convert_extra,进入、操作,,当前无已建地图,"1. 确保机器人未进行任何建图操作；
2. 机器人定位成功/失败，启动机器人；
3. 进入地图页面，查看地图栏。","1.地图栏显示「未建图」提示，地图展示区引导用户进行建图操作
最新ui确认未建图时不显示地图栏"
12904008,机器抵达地图切换点，自动切换地图后，地图名称同步更新,P2,,主界面展示/（左上）地图栏,整机软件V1.0/界面操作和任务设置/主界面展示/（左上）地图栏/不同定位状态切换地图栏显示,整机软件V1.0/界面操作和任务设置/主界面展示/（左上）地图栏/不同定位状态切换地图栏显示,A,机载 UI 可 Midscene 执行,convert_mid,显示,,创建多张关联地图,"1、1.设置好地图任务执行切换地图，
2.查看地图搜索栏地图名称显示",1、地图名称刷新显示最新定位地图
12904009,切换地图后定位失败，地图栏显示切换正常（当前使用地图名-「定位丢失」）,P2,,主界面展示/（左上）地图栏,整机软件V1.0/界面操作和任务设置/主界面展示/（左上）地图栏/不同定位状态切换地图栏显示,整机软件V1.0/界面操作和任务设置/主界面展示/（左上）地图栏/不同定位状态切换地图栏显示,A,机载 UI 可 Midscene 执行,convert_extra,切换,,搜索到目标地图后切换，再定位失败,"1. 搜索并切换到目标地图；
2. 模拟定位失败场景；
3. 观察地图栏变化。","地图栏先正常显示当前选中使用地图名称，
定位失败后切换至「定位丢失」状态"
12903556,作业任务列表页面默认状态与展开收起功能验证（无任务）,P2,,主界面展示/任务区,整机软件V1.0/界面操作和任务设置/主界面展示/任务区/作业任务列表界面/列表状态展示,整机软件V1.0/界面操作和任务设置/主界面展示/任务区/作业任务列表界面/列表状态展示,A,机载 UI 可 Midscene 执行,convert_high,点击,,"1.未建图/已建图
2.当前无任何已创建的作业任务","1、1. 进入作业任务页面，查看右侧面板默认状态；
2. 点击面板标题 / 收起控件切换为收起状态；
3. 点击「暂无作业任务 >」按钮切换回展开状态","1、1. 面板默认展开，引导文案、引导图、新建按钮完整显示；
2. 收起后仅显示「暂无作业任务 >」按钮，地图全屏显示所有区域；
3. 展开后恢复引导面板，地图适配显示，布局无错乱"
12903557,作业任务列表默认展示与收起展开功能验证（有任务）,P1,,主界面展示/任务区,整机软件V1.0/界面操作和任务设置/主界面展示/任务区/作业任务列表界面/列表状态展示,整机软件V1.0/界面操作和任务设置/主界面展示/任务区/作业任务列表界面/列表状态展示,A,机载 UI 可 Midscene 执行,convert_high,点击,,"1.当前定位已建图
2.已添加任务保存至首页任务列表","1、1. 进入首页面查看列表默认状态
2. 点击收起 / 展开按钮切换状态","1、1. 列表默认展开，显示当前任务列表所有任务，可下滑查看
2. 收起仅显示 “作业任务>”状态栏，地图展示正常，布局无错乱"
12903558,无地图引导内容显示与创建地图按钮响应,P0,,主界面展示/任务区,整机软件V1.0/界面操作和任务设置/主界面展示/任务区/作业任务列表界面/列表状态展示,整机软件V1.0/界面操作和任务设置/主界面展示/任务区/作业任务列表界面/列表状态展示,A,机载 UI 可 Midscene 执行,convert_high,点击,,"1. 未创建任何地图区域、无任何作业任务；
2. 进入作业任务页面","1、1. 查看右侧引导面板的文案、示意图；
2. 点击左侧地图任意区域","1、1. 正确显示主标题「请先创建地图」、副标题「即可快速开始作业」，引导示意图完整无变形、无文案错误；
2. 点击地图任意区域，触发「创建地图」引导（跳转创建页），不触发任务创建 / 启动逻辑"
12903562,定位丢失，无任务，任务列表显示为空,P2,,主界面展示/任务区,整机软件V1.0/界面操作和任务设置/主界面展示/任务区/作业任务列表界面/列表状态展示,整机软件V1.0/界面操作和任务设置/主界面展示/任务区/作业任务列表界面/列表状态展示,A,机载 UI 可 Midscene 执行,convert_extra,切换、保存、添加,,定位异常,"1、1.当前地图未添加任务保存，查看首页作业任务列表
2、1.当前地图有任务，定位异常时切换到其他无任务地图，查看首页作业任务列表","1、任务列表为空，页面提示新建任务
2、任务列表为空，页面提示新建任务"
12903563,定位丢失，有任务，列表显示定位丢失前任务,P2,,主界面展示/任务区,整机软件V1.0/界面操作和任务设置/主界面展示/任务区/作业任务列表界面/列表状态展示,整机软件V1.0/界面操作和任务设置/主界面展示/任务区/作业任务列表界面/列表状态展示,A,机载 UI 可 Midscene 执行,convert_extra,切换、保存、添加,,定位异常,"1、1.当前地图已添加任务保存，查看首页作业任务列表
2、1.当前地图无任务，定位异常时切换到其他有任务地图，查看首页作业任务列表","1、1.首页任务列表显示当前地图保存的任务集
2.开始任务按钮不显示，底部提示“定位丢失恢复定位后可开始任务”
2、1.首页任务列表显示当前地图保存的任务集
2.开始任务按钮不显示，底部提示“定位丢失恢复定位后可开始任务”"
12903565,手动切换地图后，首页作业任务列表同步刷新,P0,,主界面展示/任务区,整机软件V1.0/界面操作和任务设置/主界面展示/任务区/作业任务列表界面/列表状态展示,整机软件V1.0/界面操作和任务设置/主界面展示/任务区/作业任务列表界面/列表状态展示,A,机载 UI 可 Midscene 执行,convert_mid,显示,,存在多个不同区域的地图,"1、1.当前地图添加保存多个任务或执行过任务
2.进入地图管理页面切换其他地图|
3.查看任务列表显示",1、任务列表同步刷新，显示当前地图所关联的任务，无任务保存与执行显示为空
12903566,机器抵达地图切换点自动切换地图后，任务列表同步刷新,P1,,主界面展示/任务区,整机软件V1.0/界面操作和任务设置/主界面展示/任务区/作业任务列表界面/列表状态展示,整机软件V1.0/界面操作和任务设置/主界面展示/任务区/作业任务列表界面/列表状态展示,A,机载 UI 可 Midscene 执行,convert_mid,显示,,存在多张关联地图,"1、1.当前地图添加保存多个任务或执行过任务
2.机器运行抵达地图切换点自动切换地图
3.查看任务列表显示",1、任务列表同步刷新，显示当前地图所关联的任务
12903567,关联地图创建任务集，任务地图有变化，相关任务集自动删除,P0,,主界面展示/任务区,整机软件V1.0/界面操作和任务设置/主界面展示/任务区/作业任务列表界面/列表状态展示,整机软件V1.0/界面操作和任务设置/主界面展示/任务区/作业任务列表界面/列表状态展示,A,机载 UI 可 Midscene 执行,convert_mid,显示,,"1.存在关联地图a、b、c
2.任务集1包含地图a、b、c区域
3.任务集2包含地图a区域，任务集3包含地图b区域，任务集4包含地图c区域","1、1.首页作业任务列表显示任务集1.2.3.4
2.进入建图工具，删除地图b
3.返回首页查看页面及作业任务列表显示
2、1.首页作业任务列表显示任务集1.2.3.4
2.进入建图工具，删除地图b，再次新建一个地图b同样联通ac区域
3.返回首页查看页面及作业任务列表显示","1、1.首页有地图发生变化任务及任务集有变动的相关提示
2.作业任务列表只显示任务集2.4，与地图b相关的任务集1.3均被自动删除不在作业任务列表中展示
2、1.首页有地图发生变化任务及任务集有变动的相关提示
2.作业任务列表只显示任务集2.4，与已经删除的地图b相关的任务集1.3均被自动删除不在作业任务列表中展示
（同名地图能区分）"
12903569,任务列表排序规则验证,P0,,主界面展示/任务区,整机软件V1.0/界面操作和任务设置/主界面展示/任务区/作业任务列表界面/列表状态展示,整机软件V1.0/界面操作和任务设置/主界面展示/任务区/作业任务列表界面/列表状态展示,A,机载 UI 可 Midscene 执行,convert_high,选择,,存在默认任务与普通任务,"1、1. 查看现有任务排序
2. 无默认任务时新建任务
3. 有默认任务时新建任务
4.查看列表及默认选择态","1、1. 默认任务固定置顶
2. 无默认时新建任务置顶
3. 有默认时新建任务，新建任务在默认任务后、其他任务前
4.有默认任务及无默认任务，新建任务返回任务列表后默认选中新建任务"
12903571,默认任务个数限制为1个,P2,,主界面展示/任务区,整机软件V1.0/界面操作和任务设置/主界面展示/任务区/作业任务列表界面/列表状态展示,整机软件V1.0/界面操作和任务设置/主界面展示/任务区/作业任务列表界面/列表状态展示,A,机载 UI 可 Midscene 执行,convert_extra,设置、返回、保存、新建,,已建图，定位正常,"1、1.新建一个任务A设置为默认任务保存，返回任务列表查看
2.再次新建一个任务B设置为默认任务保存，返回任务列表查看","1、1.未建任务B时任务列表最上方显示默认任务A星标显示
2.新建默认任务B后，任务列表B显示在最上方且星标显示，任务A在B底下无星标显示"
12903825,大量任务增删改查，页面加载正常,P2,,主界面展示/任务区,整机软件V1.0/界面操作和任务设置/主界面展示/任务区/作业任务列表界面/列表状态展示/边界与异常场景,整机软件V1.0/界面操作和任务设置/主界面展示/任务区/作业任务列表界面/列表状态展示/边界与异常场景,A,机载 UI 可 Midscene 执行,convert_extra,修改、删除、操作,,新建多个任务,"1、1.对任务列表进行多次新增任务
2、对任务列表进行多次删除操作
3、对列表内多个任务进行修改
4、短时间内多次查看多个列表任务","1、列表数据加载准确，页面内容显示合理
2、删除列表数据加载准确，页面内容显示合理
3、修改列表数据加载准确，页面内容显示合理
4、列表数据加载准确，页面内容显示合理"
12903827,断网情况下增删改查任务列表--正常执行操作,P2,,主界面展示/任务区,整机软件V1.0/界面操作和任务设置/主界面展示/任务区/作业任务列表界面/列表状态展示/边界与异常场景,整机软件V1.0/界面操作和任务设置/主界面展示/任务区/作业任务列表界面/列表状态展示/边界与异常场景,A,机载 UI 可 Midscene 执行,convert_high,点击,,任务列表有任务,"1、1.展开列表，修改列表任务
2.断网点击保存查看","1、1. 友好提示网络异常，不闪退
2. 增删改查操作正常执行"
12903828,修改任务过程中退出 / 取消修改---保留原有配置,P2,,主界面展示/任务区,整机软件V1.0/界面操作和任务设置/主界面展示/任务区/作业任务列表界面/列表状态展示/边界与异常场景,整机软件V1.0/界面操作和任务设置/主界面展示/任务区/作业任务列表界面/列表状态展示/边界与异常场景,A,机载 UI 可 Midscene 执行,convert_high,点击,,"1. 进入任务修改页面
2. 已修改部分内容",1、1. 点击返回 / 取消,"1、1. 不保存本次修改
2. 任务保留原有配置"
12903829,修改作业顺序为重复 / 非法顺序验证---不执行,P2,,主界面展示/任务区,整机软件V1.0/界面操作和任务设置/主界面展示/任务区/作业任务列表界面/列表状态展示/边界与异常场景,整机软件V1.0/界面操作和任务设置/主界面展示/任务区/作业任务列表界面/列表状态展示/边界与异常场景,A,机载 UI 可 Midscene 执行,convert_extra,设置、保存,,进入任务修改,"1、1. 设置重复 / 非法（拉出任务框上下线）的作业顺序
2. 尝试保存",1、任务保存合理，页面不奔
12903831,任务列表启动任务时机器人异常--任务不执行,P2,,主界面展示/任务区,整机软件V1.0/界面操作和任务设置/主界面展示/任务区/作业任务列表界面/列表状态展示/边界与异常场景,整机软件V1.0/界面操作和任务设置/主界面展示/任务区/作业任务列表界面/列表状态展示/边界与异常场景,A,机载 UI 可 Midscene 执行,convert_high,点击,,"1. 任务列表存在任务
2. 机器人离线 / 故障",1、1. 点击启动任务,"1、1. 机器人异常 / 不在线相关提示
2. 不执行任务，无崩溃"
12903870,首页作业任务列表新建任务入口跳转,P1,,主界面展示/任务区,整机软件V1.0/界面操作和任务设置/主界面展示/任务区/作业任务列表界面/任务列表交互,整机软件V1.0/界面操作和任务设置/主界面展示/任务区/作业任务列表界面/任务列表交互,A,机载 UI 可 Midscene 执行,convert_high,点击,,1. 任务列表为空,1. 点击 “新建任务” 入口,1. 正常跳转至任务创建页面
12903871,新建任务保存至首页作业任务列表,P1,,主界面展示/任务区,整机软件V1.0/界面操作和任务设置/主界面展示/任务区/作业任务列表界面/任务列表交互,整机软件V1.0/界面操作和任务设置/主界面展示/任务区/作业任务列表界面/任务列表交互,A,机载 UI 可 Midscene 执行,convert_high,点击,,1. 进入新建任务页,1.进入新增任务页面选中区域设置工作模式及参数2. 点击 “保存”,1. 任务成功保存至任务列表2. 弹出保存成功提示
12903872,快速任务保存至首页作业任务列表,P2,,主界面展示/任务区,整机软件V1.0/界面操作和任务设置/主界面展示/任务区/作业任务列表界面/任务列表交互,整机软件V1.0/界面操作和任务设置/主界面展示/任务区/作业任务列表界面/任务列表交互,A,机载 UI 可 Midscene 执行,convert_high,点击,,1. 底图选中工作区域进入快速任务页面,1.选中区域设置工作模式及参数2. 点击 “保存”,1. 任务成功保存至任务列表2. 弹出保存成功提示
12903873,首页作业任务列表，任务名称及内容正确显示,P2,,主界面展示/任务区,整机软件V1.0/界面操作和任务设置/主界面展示/任务区/作业任务列表界面/任务列表交互,整机软件V1.0/界面操作和任务设置/主界面展示/任务区/作业任务列表界面/任务列表交互,A,机载 UI 可 Midscene 执行,convert_extra,进入,,1. 存在已保存任务,1. 进入首页作业任务列表页,1. 列表中正确显示任务名称、任务模式及刀盘高度（割草任务下）、任务集卡片列表及对应任务集中任务的个数
12903874,首页作业任务列表，任务可展开查看详情,P0,,主界面展示/任务区,整机软件V1.0/界面操作和任务设置/主界面展示/任务区/作业任务列表界面/任务列表交互,整机软件V1.0/界面操作和任务设置/主界面展示/任务区/作业任务列表界面/任务列表交互,A,机载 UI 可 Midscene 执行,convert_high,点击,,1. 存在已保存任务集,1. 点击任务列表项,"1. 展开任务详情
2. 任务详情正确显示任务集名称、区域、工作模式及关键参数（割草模式下显示割盘高度）
3.地图上对应任务工作区域高亮显示"
12903875,首页作业任务列表，任务卡片可选中、收起、切换交互,P0,,主界面展示/任务区,整机软件V1.0/界面操作和任务设置/主界面展示/任务区/作业任务列表界面/任务列表交互,整机软件V1.0/界面操作和任务设置/主界面展示/任务区/作业任务列表界面/任务列表交互,A,机载 UI 可 Midscene 执行,convert_high,点击,,"1.存在多个作业任务
2. 列表处于展开状态","1、1. 点击未选中任务卡片
2. 点击已选中任务卡片
3. 依次切换不同任务卡片","1、1. 卡片展开，任务选中，地图区域高亮
2. 卡片收起，取消选中，高亮消失
3. 前一任务自动取消选中，新任务展开并高亮"
12903876,首页作业任务列表多任务可滑动,P2,,主界面展示/任务区,整机软件V1.0/界面操作和任务设置/主界面展示/任务区/作业任务列表界面/任务列表交互,整机软件V1.0/界面操作和任务设置/主界面展示/任务区/作业任务列表界面/任务列表交互,A,机载 UI 可 Midscene 执行,convert_high,滑动,,1. 存在 5 个以上任务集,1. 在任务列表中左右 / 上下滑动,1. 可流畅滑动查看所有任务集，无卡顿或闪退
12903877,首页作业任务列表，任务顺序显示不可拖动调整,P2,,主界面展示/任务区,整机软件V1.0/界面操作和任务设置/主界面展示/任务区/作业任务列表界面/任务列表交互,整机软件V1.0/界面操作和任务设置/主界面展示/任务区/作业任务列表界面/任务列表交互,A,机载 UI 可 Midscene 执行,convert_extra,拖动,,1. 进入首页作业任务列表页面,1. 按住任务卡片上下拖动,1. 任务顺序不可拖动调整
12903878,任务列表/任务详情页删除按钮不显示,P2,,主界面展示/任务区,整机软件V1.0/界面操作和任务设置/主界面展示/任务区/作业任务列表界面/任务列表交互,整机软件V1.0/界面操作和任务设置/主界面展示/任务区/作业任务列表界面/任务列表交互,A,机载 UI 可 Midscene 执行,convert_high,点击,,1. 存在已保存任务,"1. 查看任务列表
2.点击任务列表项展开详情",1. 无删除按钮
12903879,任务详情页显示编辑按钮,P2,,主界面展示/任务区,整机软件V1.0/界面操作和任务设置/主界面展示/任务区/作业任务列表界面/任务列表交互,整机软件V1.0/界面操作和任务设置/主界面展示/任务区/作业任务列表界面/任务列表交互,A,机载 UI 可 Midscene 执行,convert_high,点击,,1. 存在已保存任务,1. 点击任务列表项展开详情,"1. 编辑修改按钮按 UI 设计正常显示‘...’
2.点击编辑进入编辑任务页面"
12903880,单个任务删除不影响作业任务列表其他任务,P2,,主界面展示/任务区,整机软件V1.0/界面操作和任务设置/主界面展示/任务区/作业任务列表界面/任务列表交互,整机软件V1.0/界面操作和任务设置/主界面展示/任务区/作业任务列表界面/任务列表交互,A,机载 UI 可 Midscene 执行,convert_extra,进入、确认、删除,,1. 存在多个任务,1. 选中一个任务进入任务编辑并确认删除,1. 选中任务删除成功2. 首页任务列表其他任务不受影响
12903881,删除最后一个任务后回到空列表,P2,,主界面展示/任务区,整机软件V1.0/界面操作和任务设置/主界面展示/任务区/作业任务列表界面/任务列表交互,整机软件V1.0/界面操作和任务设置/主界面展示/任务区/作业任务列表界面/任务列表交互,A,机载 UI 可 Midscene 执行,convert_high,点击,,1. 仅存在一个任务,"1. 首页作业任务列表，点击进入编辑任务页面
2.删除该任务","1. 回到空任务列表状态，显示 “新建任务” 入口
2.页面有新建任务提示"
12903882,单个任务修改不影响其他任务,P1,,主界面展示/任务区,整机软件V1.0/界面操作和任务设置/主界面展示/任务区/作业任务列表界面/任务列表交互,整机软件V1.0/界面操作和任务设置/主界面展示/任务区/作业任务列表界面/任务列表交互,A,机载 UI 可 Midscene 执行,convert_extra,修改、返回、保存,,1. 存在多个任务,"1. 首页作业任务列表选中一个任务修改其任务的参数/工作模式并保存
2.返回首页查看任务列表其他任务状态","1. 仅当前任务参数更新
2. 作业任务列表其他任务设置不受影响"
12903883,任务列表选中任务可直接开始任务,P0,,主界面展示/任务区,整机软件V1.0/界面操作和任务设置/主界面展示/任务区/作业任务列表界面/任务列表交互,整机软件V1.0/界面操作和任务设置/主界面展示/任务区/作业任务列表界面/任务列表交互,A,机载 UI 可 Midscene 执行,convert_high,点击,,任务列表已设置任务,1、任务列表选中任务，点击开始作业查看,1、直接开始选中任务执行
12903885,机器人未到位无法开始任务,P1,,主界面展示/任务区,整机软件V1.0/界面操作和任务设置/主界面展示/任务区/作业任务列表界面/任务列表交互,整机软件V1.0/界面操作和任务设置/主界面展示/任务区/作业任务列表界面/任务列表交互,A,机载 UI 可 Midscene 执行,convert_high,点击,,"1. 已设默认任务
2. 机器人未抵达作业位置",1、1. 点击 “开始” 按钮,1、1. 不显示开始任务按钮，页面给出相应提示信息
12903941,无任务/有任务，区域点击交互验证,P2,,主界面展示/任务区,整机软件V1.0/界面操作和任务设置/主界面展示/任务区/作业任务列表界面/地图与列表交互,整机软件V1.0/界面操作和任务设置/主界面展示/任务区/作业任务列表界面/地图与列表交互,A,机载 UI 可 Midscene 执行,convert_high,点击,,已建图,"1、1. 点击地图已标注的作业区域；
2. 点击地图空白未标注区域","1、1. 点击已标注区域，触发快速任务创建；
2. 点击空白区域无异常响应，不触发无效操作；"
12903942,创建地图按钮交互与页面切换验证,P2,,主界面展示/任务区,整机软件V1.0/界面操作和任务设置/主界面展示/任务区/作业任务列表界面/地图与列表交互,整机软件V1.0/界面操作和任务设置/主界面展示/任务区/作业任务列表界面/地图与列表交互,A,机载 UI 可 Midscene 执行,convert_high,点击,,"1. 未创建任何地图区域、无任何作业任务；
2. 进入作业任务页面","1、1. 查看引导面板底部按钮；
2. 点击「+ 创建地图」按钮；
3. 完成地图创建并保存；
4. 取消地图创建，返回原页面","1、 1. 正确显示蓝色「+ 创建地图」按钮，文案、样式、位置符合设计；
2. 点击后正常跳转到创建地图建图工具，无卡顿、崩溃、重复跳转；
3. 创建成功后，页面自动切换为「有地图无任务」引导页，无地图引导面板消失，地图显示已创建的区域标注；
4. 取消后返回无地图初始页，引导面板、按钮、地图状态恢复正常，无数据异常"
12903943,地图区域标注与控件功能验证,P2,,主界面展示/任务区,整机软件V1.0/界面操作和任务设置/主界面展示/任务区/作业任务列表界面/地图与列表交互,整机软件V1.0/界面操作和任务设置/主界面展示/任务区/作业任务列表界面/地图与列表交互,A,机载 UI 可 Midscene 执行,convert_high,点击,,进入作业任务页面,"1、1. 查看地图标注信息；
2. 点击左下角定位按钮、「设置」「返航」【充电】按钮；
3. 缩放、拖动地图","1、1. 区域名称、面积标注准确，与区域一一对应；
2. 各按钮功能正常，触发对应操作；
3. 地图可正常缩放拖动"
12903944,无地图状态地图与控件功能验证,P2,,主界面展示/任务区,整机软件V1.0/界面操作和任务设置/主界面展示/任务区/作业任务列表界面/地图与列表交互,整机软件V1.0/界面操作和任务设置/主界面展示/任务区/作业任务列表界面/地图与列表交互,A,机载 UI 可 Midscene 执行,convert_high,点击,,"1. 未创建任何地图区域、无任何作业任务；
2. 进入作业任务页面","1、1. 查看左侧地图显示状态；
2. 点击左下角定位按钮、「设置」「返航」[充电]按钮；
3. 缩放、拖动地图；
4. 切换面板展开 / 收起状态，查看地图适配","1、1. 地图仅显示原始卫星图，无任何区域标注、错误信息；
2. 各按钮功能正常，触发对应操作，无响应异常；
3. 地图可正常缩放、拖动，无卡顿、崩溃，显示正常；
4. 展开 / 收起面板时，地图显示范围自动适配"
12903794,编辑任务，区域添加列表，点击作业区名称添加任务,P0,,主界面展示/任务区,整机软件V1.0/界面操作和任务设置/主界面展示/任务区/作业任务列表界面/编辑任务界面/编辑任务-区域添加,整机软件V1.0/界面操作和任务设置/主界面展示/任务区/作业任务列表界面/编辑任务界面/编辑任务-区域添加,A,机载 UI 可 Midscene 执行,convert_high,点击,,可添加区域列表存在「B区-东侧花园」,1. 点击「B区-东侧花园」左侧「+」按钮,「B区-东侧花园」被添加至任务列表；可添加区域中该区域显示「已添加1次」
12903795,编辑任务，点击地图上作业区底图添加任务,P0,,主界面展示/任务区,整机软件V1.0/界面操作和任务设置/主界面展示/任务区/作业任务列表界面/编辑任务界面/编辑任务-区域添加,整机软件V1.0/界面操作和任务设置/主界面展示/任务区/作业任务列表界面/编辑任务界面/编辑任务-区域添加,A,机载 UI 可 Midscene 执行,convert_high,点击,,已建图,"1.新建任务
2.点击底图区域查看","1.点击底图区域自动添加当前工作区域任务到任务列表，地图上选中区域高亮显示区域内元素
2.添加任务后任务列表由‘任务列表（0）’-‘任务列表（1/2/...）’"
12903796,区域添加列表，同一区域最多可点击添加5次验证,P1,,主界面展示/任务区,整机软件V1.0/界面操作和任务设置/主界面展示/任务区/作业任务列表界面/编辑任务界面/编辑任务-区域添加,整机软件V1.0/界面操作和任务设置/主界面展示/任务区/作业任务列表界面/编辑任务界面/编辑任务-区域添加,A,机载 UI 可 Midscene 执行,convert_high,点击,,已向任务列表添加4次「A区-草坪」,1. 第5次点击「A区-草坪」左侧「+」按钮；2. 尝试第6次点击该「+」按钮,1. 第5次可正常添加至任务列表；2. 该区域名称在任务列表中消失，不可再进点击添加
12903797,编辑任务，单个工作区域底图点击添加次数上限5次,P2,,主界面展示/任务区,整机软件V1.0/界面操作和任务设置/主界面展示/任务区/作业任务列表界面/编辑任务界面/编辑任务-区域添加,整机软件V1.0/界面操作和任务设置/主界面展示/任务区/作业任务列表界面/编辑任务界面/编辑任务-区域添加,A,机载 UI 可 Midscene 执行,convert_high,点击,,已建图,"1.工作中编辑任务，进入编辑任务页面
2.点击同一个作业区底图进行任务添加，查看最高选中次数","同一个作业区域底图单任务可添加5次
，达到上限后不可再添加、页面给出对应提示（添加次数已达上限）"
12903798,同一区域添加5次上限后，减少该区域任务，可再次进行添加,P2,,主界面展示/任务区,整机软件V1.0/界面操作和任务设置/主界面展示/任务区/作业任务列表界面/编辑任务界面/编辑任务-区域添加,整机软件V1.0/界面操作和任务设置/主界面展示/任务区/作业任务列表界面/编辑任务界面/编辑任务-区域添加,A,机载 UI 可 Midscene 执行,convert_high,点击,,已向任务列表添加4次「A区-草坪」,"1. 第5次点击「A区-草坪」左侧「+」按钮；2. 尝试第6次点击该「+」按钮
3.删除一次「A区-草坪」，再次添加「A区-草坪」","1.区域添加达上限后，列表不再显示该区域
2.上限后删除该区域任务使得其低于下限后，任务列表再次显示该区域，点击可进行添加"
12903799,任务列表任务为0时，页面有添加任务相关提示,P2,,主界面展示/任务区,整机软件V1.0/界面操作和任务设置/主界面展示/任务区/作业任务列表界面/编辑任务界面/编辑任务-区域添加,整机软件V1.0/界面操作和任务设置/主界面展示/任务区/作业任务列表界面/编辑任务界面/编辑任务-区域添加,A,机载 UI 可 Midscene 执行,convert_extra,进入、新建,,已建图，未添加任务,新建任务进入编辑任务组合页面查看,1.任务列表显示：任务列表（0），下方显示提示文案‘点击地图上的区域添加任务’
12903800,地图区域分选中态及未选中态,P0,,主界面展示/任务区,整机软件V1.0/界面操作和任务设置/主界面展示/任务区/作业任务列表界面/编辑任务界面/编辑任务-区域添加,整机软件V1.0/界面操作和任务设置/主界面展示/任务区/作业任务列表界面/编辑任务界面/编辑任务-区域添加,B,以观察/显示类步骤为主，需环境注入或截图断言,convert_mid,显示,,已建图,"1.新建任务，进入编辑页面，查看地图显示
2.选中地图工作区域查看","1.未选中区域时，底图正常显示地图元素
2.选中底图工作区域时，所选中区域高亮显示（区域名称、面积、边框"
12903835,任务列表编辑任务，进入编辑任务页面,P0,,主界面展示/任务区,整机软件V1.0/界面操作和任务设置/主界面展示/任务区/作业任务列表界面/编辑任务界面/编辑任务-页面交互,整机软件V1.0/界面操作和任务设置/主界面展示/任务区/作业任务列表界面/编辑任务界面/编辑任务-页面交互,A,机载 UI 可 Midscene 执行,convert_high,点击,,已添加任务,1、任务列表展开详情显示，点击编辑任务组合，查看,1、进入编辑任务页面
12903836,任务名称默认值验证---当前所编辑的任务名,P2,,主界面展示/任务区,整机软件V1.0/界面操作和任务设置/主界面展示/任务区/作业任务列表界面/编辑任务界面/编辑任务-页面交互,整机软件V1.0/界面操作和任务设置/主界面展示/任务区/作业任务列表界面/编辑任务界面/编辑任务-页面交互,A,机载 UI 可 Midscene 执行,convert_high,输入,,进入「编辑任务」页面,1. 查看组合名称输入框默认内容,输入框默认显示当前任务名称如「割草任务」
12903837,任务名称可编辑,P2,,主界面展示/任务区,整机软件V1.0/界面操作和任务设置/主界面展示/任务区/作业任务列表界面/编辑任务界面/编辑任务-页面交互,整机软件V1.0/界面操作和任务设置/主界面展示/任务区/作业任务列表界面/编辑任务界面/编辑任务-页面交互,A,机载 UI 可 Midscene 执行,convert_high,点击、输入,,进入「编辑任务」页面,1. 点击组合名称输入框；2. 输入「春季割草计划」；3. 点击页面空白处,输入框内容更新为「春季割草计划」
12903838,任务名称空值校验,P2,,主界面展示/任务区,整机软件V1.0/界面操作和任务设置/主界面展示/任务区/作业任务列表界面/编辑任务界面/编辑任务-页面交互,整机软件V1.0/界面操作和任务设置/主界面展示/任务区/作业任务列表界面/编辑任务界面/编辑任务-页面交互,A,机载 UI 可 Midscene 执行,convert_high,点击、输入,,进入「编辑任务」页面,1. 清空组合名称输入框；2. 点击「保存」按钮,保存按钮置灰，点击无响应
12903839,任务名称超长输入验证,P2,,主界面展示/任务区,整机软件V1.0/界面操作和任务设置/主界面展示/任务区/作业任务列表界面/编辑任务界面/编辑任务-页面交互,整机软件V1.0/界面操作和任务设置/主界面展示/任务区/作业任务列表界面/编辑任务界面/编辑任务-页面交互,A,机载 UI 可 Midscene 执行,convert_high,点击、输入,,进入「编辑任务」页面，已知组合名称最大长度为50个字符,1. 点击组合名称输入框；2. 输入51个字符（如「123456789012345678901」）；3. 尝试继续输入字符,"1. 输入至50个字符后无法继续输入；
2. 输入框不报错，光标停留在最后一位；
3. 点击「保存」可正常保存（仅保留前50个字符）"
12903840,无任务时保存校验--保存按钮置灰,P2,,主界面展示/任务区,整机软件V1.0/界面操作和任务设置/主界面展示/任务区/作业任务列表界面/编辑任务界面/编辑任务-页面交互,整机软件V1.0/界面操作和任务设置/主界面展示/任务区/作业任务列表界面/编辑任务界面/编辑任务-页面交互,A,机载 UI 可 Midscene 执行,convert_high,点击,,任务列表为空,1. 点击「保存」按钮,"1.保存按钮置灰
2.弹出提示「请先添加任务区域」，页面不跳转，无法保存"
12903841,有任务/有任务编辑可正常保存,P0,,主界面展示/任务区,整机软件V1.0/界面操作和任务设置/主界面展示/任务区/作业任务列表界面/编辑任务界面/编辑任务-页面交互,整机软件V1.0/界面操作和任务设置/主界面展示/任务区/作业任务列表界面/编辑任务界面/编辑任务-页面交互,A,机载 UI 可 Midscene 执行,convert_high,点击,,任务列表中至少存在1个任务,1. 点击「保存」按钮,1.页面返回上一级，当前任务组合配置成功保存
12903843,编辑任务底部删除按钮功能验证--二次确认弹窗,P0,,主界面展示/任务区,整机软件V1.0/界面操作和任务设置/主界面展示/任务区/作业任务列表界面/编辑任务界面/编辑任务-页面交互,整机软件V1.0/界面操作和任务设置/主界面展示/任务区/作业任务列表界面/编辑任务界面/编辑任务-页面交互,A,机载 UI 可 Midscene 执行,convert_high,点击,,编辑任务列表中存在「A区-草坪」任务,1. 点击编辑任务底部删除按钮,"1.页面弹窗删除任务二次确认
2.弹窗内容’删除任务‘-’确定要删除[任务名]吗？该操作不可撤销，此任务将被永久移除。"
12903844,编辑任务，任务列表‘x’按钮移除任务项,P2,,主界面展示/任务区,整机软件V1.0/界面操作和任务设置/主界面展示/任务区/作业任务列表界面/编辑任务界面/编辑任务-页面交互,整机软件V1.0/界面操作和任务设置/主界面展示/任务区/作业任务列表界面/编辑任务界面/编辑任务-页面交互,A,机载 UI 可 Midscene 执行,convert_high,点击,,编辑任务列表中存在「A区-草坪」任务,"1、1.点击编辑任务列表，任务项右侧x按钮，
2，查看页面显示","1、1.任务从列表中移除；可添加区域中「A区-草坪」的「已添加次数」重置为0
2.停留当前页面"
12903845,编辑任务参数未保存，直接返回有二次确认弹窗,P2,,主界面展示/任务区,整机软件V1.0/界面操作和任务设置/主界面展示/任务区/作业任务列表界面/编辑任务界面/编辑任务-页面交互,整机软件V1.0/界面操作和任务设置/主界面展示/任务区/作业任务列表界面/编辑任务界面/编辑任务-页面交互,A,机载 UI 可 Midscene 执行,convert_high,点击,,有地图，进入编辑任务页面,"1、1.添加任务（增、删、改）
2.不保存直接点击返回按钮查看
2、二次确认弹窗点击取消
3、二次确认弹窗点击返回","1、1.页面弹窗’参数未保存-确定要返回吗？该操作不可撤销，所有任务配置不会保存。‘
2.弹窗显示’取消‘’返回‘按钮
2、弹窗自动关闭，停留当前编辑任务页面
3、编辑任务不保存，直接返回首页"
12903846,任务编辑功能验证,P0,,主界面展示/任务区,整机软件V1.0/界面操作和任务设置/主界面展示/任务区/作业任务列表界面/编辑任务界面/编辑任务-页面交互,整机软件V1.0/界面操作和任务设置/主界面展示/任务区/作业任务列表界面/编辑任务界面/编辑任务-页面交互,A,机载 UI 可 Midscene 执行,convert_high,点击,,任务列表中存在「A区-草坪」任务,1. 点击任务右侧编辑图标；2. 将任务类型修改为「集草」；3. 保存修改,任务列表中该任务的类型更新为「集草」
12903847,任务可拖拽排序,P2,,主界面展示/任务区,整机软件V1.0/界面操作和任务设置/主界面展示/任务区/作业任务列表界面/编辑任务界面/编辑任务-页面交互,整机软件V1.0/界面操作和任务设置/主界面展示/任务区/作业任务列表界面/编辑任务界面/编辑任务-页面交互,A,机载 UI 可 Midscene 执行,convert_extra,长按、拖拽,,任务列表中存在至少2个任务（如「A区-草坪」「B区-东侧花园」）,"1. 长按「A区-草坪」任务条目；
2. 拖拽至「B区-东侧花园」下方；
3. 松开手指完成拖拽","1. 拖拽过程中任务条目跟随手指移动，有明显拖拽反馈；
2. 松开后「A区-草坪」位于「B区-东侧花园」下方；
3. 点击「完成编辑」保存后，排序保持拖拽后的顺序"
12903848,默认组合状态持久化,P2,,主界面展示/任务区,整机软件V1.0/界面操作和任务设置/主界面展示/任务区/作业任务列表界面/编辑任务界面/编辑任务-页面交互,整机软件V1.0/界面操作和任务设置/主界面展示/任务区/作业任务列表界面/编辑任务界面/编辑任务-页面交互,A,机载 UI 可 Midscene 执行,convert_extra,进入,,已将当前组合设为默认并完成保存,1. 重新进入任务组合管理页面,该组合被标记为「默认任务组合」
12903849,默认组合按钮状态切换,P0,,主界面展示/任务区,整机软件V1.0/界面操作和任务设置/主界面展示/任务区/作业任务列表界面/编辑任务界面/编辑任务-页面交互,整机软件V1.0/界面操作和任务设置/主界面展示/任务区/作业任务列表界面/编辑任务界面/编辑任务-页面交互,A,机载 UI 可 Midscene 执行,convert_high,点击,,进入「编辑任务」页面,"1. 查看「设为默认任务组合」按钮初始状态；
2. 点击按钮；
3. 再次点击按钮","1. 初始为空心星标；
2. 第一次点击后变为实心星标；
3. 第二次点击后恢复为空心星标"
12903850,编辑任务可设置定时,P2,,主界面展示/任务区,整机软件V1.0/界面操作和任务设置/主界面展示/任务区/作业任务列表界面/编辑任务界面/编辑任务-页面交互,整机软件V1.0/界面操作和任务设置/主界面展示/任务区/作业任务列表界面/编辑任务界面/编辑任务-页面交互,A,机载 UI 可 Midscene 执行,convert_extra,设置、执行,,已建地图,1、任务执行中，编辑任务，查看编辑任务页面定时设置,"1、1.页面显示定时开关
2.可正常开启或关闭定时任务"
12903851,区域列表滚动验证--无错位,P2,,主界面展示/任务区,整机软件V1.0/界面操作和任务设置/主界面展示/任务区/作业任务列表界面/编辑任务界面/编辑任务-页面交互,整机软件V1.0/界面操作和任务设置/主界面展示/任务区/作业任务列表界面/编辑任务界面/编辑任务-页面交互,A,机载 UI 可 Midscene 执行,convert_high,滑动,,可添加区域数量超过一屏显示,1. 上下滑动可添加区域列表,列表滚动流畅，无卡顿、布局错位或内容截断
12903852,编辑任务组合，地图栏可正常跳转,P2,,主界面展示/任务区,整机软件V1.0/界面操作和任务设置/主界面展示/任务区/作业任务列表界面/编辑任务界面/编辑任务-页面交互,整机软件V1.0/界面操作和任务设置/主界面展示/任务区/作业任务列表界面/编辑任务界面/编辑任务-页面交互,A,机载 UI 可 Midscene 执行,convert_high,点击,,已建图,"1.新建任务进入编辑页面查看
2.点击地图栏查看关联地图及切换","1.地图编辑页面正常显示地图栏
2.编辑地图中可通过地图栏切换地图，页面状态流转正常、页面切换正常"
12903853,编辑任务页面，可正常调整比例尺显示,P2,,主界面展示/任务区,整机软件V1.0/界面操作和任务设置/主界面展示/任务区/作业任务列表界面/编辑任务界面/编辑任务-页面交互,整机软件V1.0/界面操作和任务设置/主界面展示/任务区/作业任务列表界面/编辑任务界面/编辑任务-页面交互,A,机载 UI 可 Midscene 执行,convert_extra,缩放,,编辑任务组合页面,1.手指挪动缩放底图,正常缩放比例尺，归位底图显示
12903854,网络异常时保存验证--可保存,P2,,主界面展示/任务区,整机软件V1.0/界面操作和任务设置/主界面展示/任务区/作业任务列表界面/编辑任务界面/编辑任务-页面交互,整机软件V1.0/界面操作和任务设置/主界面展示/任务区/作业任务列表界面/编辑任务界面/编辑任务-页面交互,A,机载 UI 可 Midscene 执行,convert_high,点击,,设备断开网络连接，已编辑任务组合内容（未保存）,1. 点击「保存」按钮,当前编辑数据不丢失，可正常保存
12903548,「+ 新建」按钮功能验证--跳转至新建任务页,P0,,主界面展示/任务区,整机软件V1.0/界面操作和任务设置/主界面展示/任务区/新建任务/新建任务（未添加任务状态）,整机软件V1.0/界面操作和任务设置/主界面展示/任务区/新建任务/新建任务（未添加任务状态）,A,机载 UI 可 Midscene 执行,convert_high,点击,,作业任务列表页正常显示,1. 点击右上角「+ 新建」按钮,1. 成功跳转至新建任务页，页面加载正常，无卡顿、崩溃
12903551,任务名输入框功能验证,P2,,主界面展示/任务区,整机软件V1.0/界面操作和任务设置/主界面展示/任务区/新建任务/新建任务（未添加任务状态）,整机软件V1.0/界面操作和任务设置/主界面展示/任务区/新建任务/新建任务（未添加任务状态）,A,机载 UI 可 Midscene 执行,convert_high,输入,,进入新建任务页,"1. 查看默认任务名；
2. 输入自定义名称（中文 / 英文 / 数字 / 特殊字符 / 超长字符）；
3. 清空输入框","1. 默认任务名（如「任务 1」）显示正确；
2. 点击任务名，默认拉起键盘，支持各类字符正常输入，无乱码、限制异常；
3. 清空后输入框显示空白"
12903552,「设为默认任务」开关功能验证,P1,,主界面展示/任务区,整机软件V1.0/界面操作和任务设置/主界面展示/任务区/新建任务/新建任务（未添加任务状态）,整机软件V1.0/界面操作和任务设置/主界面展示/任务区/新建任务/新建任务（未添加任务状态）,A,机载 UI 可 Midscene 执行,convert_high,点击,,"1.进入新建任务页
2.设置新建任务","1. 点击开关开启；
2. 点击开关关闭；
3. 保存任务后再次进入页面","1. 开关状态与操作一致；
2. 开启后任务设为默认，关闭后取消默认；
3. 状态保存有效，再次进入状态不变"
12903553,「定时作业」开关功能验证,P1,,主界面展示/任务区,整机软件V1.0/界面操作和任务设置/主界面展示/任务区/新建任务/新建任务（未添加任务状态）,整机软件V1.0/界面操作和任务设置/主界面展示/任务区/新建任务/新建任务（未添加任务状态）,A,机载 UI 可 Midscene 执行,convert_high,点击,,"1.进入新建任务页
2.设置新建任务","1. 点击开关开启；
2. 点击开关关闭；
3. 保存任务后再次进入页面","1. 开关状态与操作一致；
2. 开启后可进入定时时间设置，关闭后取消定时；
3. 状态保存有效"
12903607,首次进入存在动画引导,P2,,主界面展示/任务区,整机软件V1.0/界面操作和任务设置/主界面展示/任务区/新建任务/新建任务（未添加任务状态）/动画引导（一期不做）,整机软件V1.0/界面操作和任务设置/主界面展示/任务区/新建任务/新建任务（未添加任务状态）/动画引导（一期不做）,A,机载 UI 可 Midscene 执行,convert_high,点击,,"1. 首次进入新建任务页面（恢复出厂设置、pm clear、重新安装apk）
2. 无历史任务",1. 打开首页，任务列表点击新建任务,1. 自动弹出动画指引2. 指引步骤为：选择区域 → 添加任务 → 设置参数 → 保存3. 每一步高亮区域和文案准确
12903608,非首次进入不会展示动画指引,P2,,主界面展示/任务区,整机软件V1.0/界面操作和任务设置/主界面展示/任务区/新建任务/新建任务（未添加任务状态）/动画引导（一期不做）,整机软件V1.0/界面操作和任务设置/主界面展示/任务区/新建任务/新建任务（未添加任务状态）/动画引导（一期不做）,A,机载 UI 可 Midscene 执行,convert_extra,进入、添加,,1.已添加任务,"1、1.进入整机页面首页，添加任务查看
2.重启机器添加/升级/覆盖安装apk添加任务，查看","1、1.非首次添加任务无动画指引
2.覆盖安装、升级、重启添加任务无指引"
12903609,按照动画指引步骤可进行任务的开始和添加,P2,,主界面展示/任务区,整机软件V1.0/界面操作和任务设置/主界面展示/任务区/新建任务/新建任务（未添加任务状态）/动画引导（一期不做）,整机软件V1.0/界面操作和任务设置/主界面展示/任务区/新建任务/新建任务（未添加任务状态）/动画引导（一期不做）,A,机载 UI 可 Midscene 执行,convert_extra,进入、新建、操作,,无任务新建任务,1、首次进入新建任务页面，根据页面指引进行操作,1、根据动画指引可成功开启任务或保存任务至任务列表
12903610,首次指引中断后恢复验证--重新指引添加,P2,,主界面展示/任务区,整机软件V1.0/界面操作和任务设置/主界面展示/任务区/新建任务/新建任务（未添加任务状态）/动画引导（一期不做）,整机软件V1.0/界面操作和任务设置/主界面展示/任务区/新建任务/新建任务（未添加任务状态）/动画引导（一期不做）,A,机载 UI 可 Midscene 执行,convert_extra,进入、切换、退出,,1. 首次指引进行中,"1、1. 中途退出 / 关机/切换页面
2. 重新进入",1、1. 指引重新开始
12903349,可添加区域列表，点击可添加区域 + 号添加任务,P0,,主界面展示/任务区,整机软件V1.0/界面操作和任务设置/主界面展示/任务区/新建任务/任务添加与区域选择交互,整机软件V1.0/界面操作和任务设置/主界面展示/任务区/新建任务/任务添加与区域选择交互,A,机载 UI 可 Midscene 执行,convert_high,点击,,新建任务页「可添加区域」列表正常显示,"1. 点击任意区域右侧「+」按钮；
2. 观察列表与地图","1. 区域成功添加至任务列表，计数 + 1；
2. 地图对应区域高亮；
3. 可添加区域列表更新「已添加 X 次」"
12903350,点击地图选中工作区添加任务,P0,,主界面展示/任务区,整机软件V1.0/界面操作和任务设置/主界面展示/任务区/新建任务/任务添加与区域选择交互,整机软件V1.0/界面操作和任务设置/主界面展示/任务区/新建任务/任务添加与区域选择交互,A,机载 UI 可 Midscene 执行,convert_high,点击,,新建任务页地图正常加载，显示所有草坪区域,"1. 点击地图上任意草坪区域（如 A 区草坪）；
2. 观察地图与右侧列表","1. 地图对应区域高亮显示，带对勾标记；
2. 区域自动添加至任务列表，计数 + 1；
3. 可添加区域列表显示该区域「已添加 X 次」"
12903352,任务列表任务移除功能验证-- -号移除计数更新,P1,,主界面展示/任务区,整机软件V1.0/界面操作和任务设置/主界面展示/任务区/新建任务/任务添加与区域选择交互,整机软件V1.0/界面操作和任务设置/主界面展示/任务区/新建任务/任务添加与区域选择交互,A,机载 UI 可 Midscene 执行,convert_high,点击,,新建任务页，已添加至少 1 个任务,1. 点击任务列表中某任务的移除按钮（- 号 / 删除）,"1. 任务从列表移除，计数更新；
2. 该区域在可添加列表中再次点击添加"
12903353,同一区域列表+添加次数上限验证--5次,P2,,主界面展示/任务区,整机软件V1.0/界面操作和任务设置/主界面展示/任务区/新建任务/任务添加与区域选择交互,整机软件V1.0/界面操作和任务设置/主界面展示/任务区/新建任务/任务添加与区域选择交互,A,机载 UI 可 Midscene 执行,convert_high,点击,,新建任务页,1. 对同一区域（如 B 区）连续点击 + 号，添加 1-5 次；2. 第 6 次尝试添加,"1. 1-5 次可正常添加，任务列表显示该区域 5 次；
2. 第 6 次点击无法添加，弹出「同一区域最多可添加 5 次」提示"
12903354,同一区域底图选中添加次数上限-5 次,P2,,主界面展示/任务区,整机软件V1.0/界面操作和任务设置/主界面展示/任务区/新建任务/任务添加与区域选择交互,整机软件V1.0/界面操作和任务设置/主界面展示/任务区/新建任务/任务添加与区域选择交互,A,机载 UI 可 Midscene 执行,convert_high,点击,,新建任务页，对某区域已完成 4 次添加,1. 第 5 次点击添加该区域；2. 第 6 次尝试添加,1. 第 5 次可正常添加，任务列表显示 5 次；2. 第 6 次点击被拦截，弹出「同一区域最多可添加 5 次」提示，不新增任务
12903359,任务添加快速连续点击验证---五次上限，无奔溃,P2,,主界面展示/任务区,整机软件V1.0/界面操作和任务设置/主界面展示/任务区/新建任务/任务添加与区域选择交互,整机软件V1.0/界面操作和任务设置/主界面展示/任务区/新建任务/任务添加与区域选择交互,A,机载 UI 可 Midscene 执行,convert_high,点击,,新建任务页，无已添加任务,1. 快速连续点击同一区域 + 号 / 地图区域 5 次以上,"1. 系统防抖动，仅按有效点击次数添加，不重复添加；
2. 无崩溃、无数据错乱、无布局异常"
12903723,任务项右侧删除功能验证,P0,,主界面展示/任务区,整机软件V1.0/界面操作和任务设置/主界面展示/任务区/新建任务/任务列表操作,整机软件V1.0/界面操作和任务设置/主界面展示/任务区/新建任务/任务列表操作,A,机载 UI 可 Midscene 执行,convert_high,点击,,"1.新建任务页面
2.任务列表有已添加的任务","1. 点击任务列表，任务项右侧 ×（删除）按钮；
2. 确认删除","1. 任务从列表中移除，计数 - 1；
2. 若添加次数已达上限5次，该区域回归「可添加区域」列表，重新显示 + 号；
3. 若该区域添加次数减至0，地图对应区域高亮取消"
12903724,任务列表可长按拖拽排序,P1,,主界面展示/任务区,整机软件V1.0/界面操作和任务设置/主界面展示/任务区/新建任务/任务列表操作,整机软件V1.0/界面操作和任务设置/主界面展示/任务区/新建任务/任务列表操作,A,机载 UI 可 Midscene 执行,convert_extra,长按、拖动、返回、保存,,新建任务页已添加至少 2 个不同任务,"1. 长按某任务项；
2. 拖动至另一任务位置后释放；
3. 保存任务后返回页面查看","1. 拖拽过程中任务项视觉反馈正常，可流畅拖动；
2. 释放后任务顺序成功更新；
3. 保存后顺序持久化，再次进入页面顺序不变"
12903725,任务项编辑功能验证,P0,,主界面展示/任务区,整机软件V1.0/界面操作和任务设置/主界面展示/任务区/新建任务/任务列表操作,整机软件V1.0/界面操作和任务设置/主界面展示/任务区/新建任务/任务列表操作,A,机载 UI 可 Midscene 执行,convert_high,点击,,"1.新建任务页
2.任务列表有已添加的任务","1. 点击任务项右侧铅笔（编辑）图标；
2. 修改作业参数（如割草高度、作业类型）；
3. 确认修改","1. 正常进入参数设置，参数可修改；
2. 确认后任务列表参数同步更新；
3. 地图区域对应参数生效"
12903456,未保存（已添加未保存场景）点击返回触发二次确认,P0,,主界面展示/任务区,整机软件V1.0/界面操作和任务设置/主界面展示/任务区/新建任务/任务列表操作/返回二次确认交互,整机软件V1.0/界面操作和任务设置/主界面展示/任务区/新建任务/任务列表操作/返回二次确认交互,A,机载 UI 可 Midscene 执行,convert_high,点击,,新建任务页已添加任务未保存，点击左上角返回,1. 点击左上角返回箭头,"1. 弹出「任务未保存」确认弹窗；
2. 文案正确：“确定要返回吗？该操作不可撤销，所有任务配置不会保存”；
3. 显示「取消」+「返回」按钮"
12903457,新建任务页返回功能验证（未添加任务场景）--直接返回,P1,,主界面展示/任务区,整机软件V1.0/界面操作和任务设置/主界面展示/任务区/新建任务/任务列表操作/返回二次确认交互,整机软件V1.0/界面操作和任务设置/主界面展示/任务区/新建任务/任务列表操作/返回二次确认交互,A,机载 UI 可 Midscene 执行,convert_high,点击,,进入新建任务页，未添加任何任务,1. 点击左上角返回箭头,1. 直接返回作业任务列表页，无提示，页面加载正常
12903458,返回弹窗二次确认-返回-返回主界面,P1,,主界面展示/任务区,整机软件V1.0/界面操作和任务设置/主界面展示/任务区/新建任务/任务列表操作/返回二次确认交互,整机软件V1.0/界面操作和任务设置/主界面展示/任务区/新建任务/任务列表操作/返回二次确认交互,A,机载 UI 可 Midscene 执行,convert_high,点击,,已打开返回二次确认弹窗,1. 点击弹窗中「返回」按钮,"1. 关闭新建任务页，跳转回首页；
2. 本次所有配置不保存，列表无新增；
3. 页面跳转流畅无异常"
12903459,点击返回弹窗二次确认-取消-弹窗关闭停留当前页面,P1,,主界面展示/任务区,整机软件V1.0/界面操作和任务设置/主界面展示/任务区/新建任务/任务列表操作/返回二次确认交互,整机软件V1.0/界面操作和任务设置/主界面展示/任务区/新建任务/任务列表操作/返回二次确认交互,A,机载 UI 可 Midscene 执行,convert_high,点击,,已打开返回二次确认弹窗,1. 点击弹窗中「取消」按钮,"1. 关闭弹窗，停留在新建任务页；
2. 所有任务配置、列表状态保持不变"
12903460,返回弹窗防重复点击验证--不叠加执行，无奔溃,P2,,主界面展示/任务区,整机软件V1.0/界面操作和任务设置/主界面展示/任务区/新建任务/任务列表操作/返回二次确认交互,整机软件V1.0/界面操作和任务设置/主界面展示/任务区/新建任务/任务列表操作/返回二次确认交互,A,机载 UI 可 Midscene 执行,convert_high,点击,,新建任务页面，已打开返回二次确认弹窗,1. 弹窗开启后，快速连续点击「返回」多次,"1. 仅执行一次返回跳转；
2. 无重复弹窗、无页面反复跳转"
12903461,弱网环境下返回验证---返回成功,P2,,主界面展示/任务区,整机软件V1.0/界面操作和任务设置/主界面展示/任务区/新建任务/任务列表操作/返回二次确认交互,整机软件V1.0/界面操作和任务设置/主界面展示/任务区/新建任务/任务列表操作/返回二次确认交互,A,机载 UI 可 Midscene 执行,convert_high,点击,,手机弱网 / 断网，已添加未保存任务,1. 点击返回 → 确认返回,"1. 弹出网络异常提示；
2. 执行返回跳转，回首页；
3. 原有配置不丢失"
12903612,未添加任务时保存及删除按钮不显示,P2,,主界面展示/任务区,整机软件V1.0/界面操作和任务设置/主界面展示/任务区/新建任务/任务列表操作/任务保存与命名,整机软件V1.0/界面操作和任务设置/主界面展示/任务区/新建任务/任务列表操作/任务保存与命名,A,机载 UI 可 Midscene 执行,convert_high,点击,,新建任务页任务列表为空,"1. 查看底部「保存」、「删除」按钮状态；
2. 点击按钮",1. 不显示保存及删除按钮
12903613,任务保存成功有 Toast 提示,P2,,主界面展示/任务区,整机软件V1.0/界面操作和任务设置/主界面展示/任务区/新建任务/任务列表操作/任务保存与命名,整机软件V1.0/界面操作和任务设置/主界面展示/任务区/新建任务/任务列表操作/任务保存与命名,A,机载 UI 可 Midscene 执行,convert_high,点击,,已添加任务，配置合法任务名,1. 点击「保存」按钮；2. 观察页面提示,"1. 弹出绿色「任务已保存」Toast 提示；
2. Toast 显示时长正常（2-3 秒），文案、样式符合设计；
3. 保存成功后自动返回作业任务列表页（首页）"
12903616,任务名存在默认值展示,P2,,主界面展示/任务区,整机软件V1.0/界面操作和任务设置/主界面展示/任务区/新建任务/任务列表操作/任务保存与命名,整机软件V1.0/界面操作和任务设置/主界面展示/任务区/新建任务/任务列表操作/任务保存与命名,A,机载 UI 可 Midscene 执行,convert_high,输入,,首次进入新建任务页，未修改过任务名,1. 查看任务名输入框默认内容,1. 默认显示「任务 1」，文案、字体、位置完全符合设计稿
12903617,任务名输入框点击高亮显示,P2,,主界面展示/任务区,整机软件V1.0/界面操作和任务设置/主界面展示/任务区/新建任务/任务列表操作/任务保存与命名,整机软件V1.0/界面操作和任务设置/主界面展示/任务区/新建任务/任务列表操作/任务保存与命名,A,机载 UI 可 Midscene 执行,convert_high,点击、输入,,进入新建任务页，任务名输入框可见,1. 点击任务名输入框；2. 观察输入框状态与软键盘,"1. 输入框高亮显示，样式符合设计；
2. 光标自动定位到输入框内；
3. 正常弹出软键盘，可输入"
12903618,任务名多类型字符输入验证,P2,,主界面展示/任务区,整机软件V1.0/界面操作和任务设置/主界面展示/任务区/新建任务/任务列表操作/任务保存与命名,整机软件V1.0/界面操作和任务设置/主界面展示/任务区/新建任务/任务列表操作/任务保存与命名,A,机载 UI 可 Midscene 执行,convert_high,点击、输入,,进入新建任务页，激活任务名输入框,1. 依次输入中文、英文、数字、特殊字符、emoji；2. 点击保存,1. 所有字符正常输入，无乱码、截断、显示异常；2. 任务名可正常保存
12903619,任务名超长字符输入验证----上限,P2,,主界面展示/任务区,整机软件V1.0/界面操作和任务设置/主界面展示/任务区/新建任务/任务列表操作/任务保存与命名,整机软件V1.0/界面操作和任务设置/主界面展示/任务区/新建任务/任务列表操作/任务保存与命名,A,机载 UI 可 Midscene 执行,convert_high,输入,,进入新建任务页，激活任务名输入框,1. 输入超长字符（如 50 个汉字 / 100 个英文字母）；2. 查看输入框状态,1. 按产品设计规则处理（如限制输入长度50字符）；2. 无崩溃、无布局错乱
12903620,任务名输入框编辑删除---逐一删除字符,P2,,主界面展示/任务区,整机软件V1.0/界面操作和任务设置/主界面展示/任务区/新建任务/任务列表操作/任务保存与命名,整机软件V1.0/界面操作和任务设置/主界面展示/任务区/新建任务/任务列表操作/任务保存与命名,A,机载 UI 可 Midscene 执行,convert_high,输入,,任务名输入框内有自定义内容,1. 部分删除字符；2. 全选删除；3. 重新输入新内容,1. 编辑操作流畅，光标定位准确；2. 无卡顿、无内容残留
12903621,任务名空值保存拦截验证--ui提示,P2,,主界面展示/任务区,整机软件V1.0/界面操作和任务设置/主界面展示/任务区/新建任务/任务列表操作/任务保存与命名,整机软件V1.0/界面操作和任务设置/主界面展示/任务区/新建任务/任务列表操作/任务保存与命名,A,机载 UI 可 Midscene 执行,convert_high,点击,,新建任务页已添加至少 1 个任务，清空任务名输入框,1. 点击底部「保存」按钮,1. 系统拦截保存操作；2. 弹出「请输入任务名称」类提示；3. 输入框自动聚焦，APP 无崩溃
12903622,弱网 / 断网环境下任务保存--正常保存,P2,,主界面展示/任务区,整机软件V1.0/界面操作和任务设置/主界面展示/任务区/新建任务/任务列表操作/任务保存与命名,整机软件V1.0/界面操作和任务设置/主界面展示/任务区/新建任务/任务列表操作/任务保存与命名,A,机载 UI 可 Midscene 执行,convert_high,点击、等待,,手机处于弱网 / 断网状态，已添加任务,1. 点击「保存」按钮；2. 等待网络反馈,1. 弹出网络异常提示；2. APP 无崩溃，已添加任务数据不丢失（支持离线则离线缓存，网络恢复后可同步）
12903862,删除任务二次确认弹窗确认,P2,,主界面展示/任务区,整机软件V1.0/界面操作和任务设置/主界面展示/任务区/新建任务/任务列表操作/删除按钮交互,整机软件V1.0/界面操作和任务设置/主界面展示/任务区/新建任务/任务列表操作/删除按钮交互,A,机载 UI 可 Midscene 执行,convert_high,点击,,新建任务页已添加任务，点击底部「删除」,1. 点击「删除」按钮,"1. 弹出「删除任务」确认弹窗；
2. 文案正确：“确定要删除「任务名」吗？该操作不可撤销...”；
3. 显示「取消」+「删除」按钮"
12903863,删除二次弹窗-删除--删除任务成功,P0,,主界面展示/任务区,整机软件V1.0/界面操作和任务设置/主界面展示/任务区/新建任务/任务列表操作/删除按钮交互,整机软件V1.0/界面操作和任务设置/主界面展示/任务区/新建任务/任务列表操作/删除按钮交互,A,机载 UI 可 Midscene 执行,convert_high,点击,,已打开删除任务二次确认弹窗,1. 点击弹窗中「删除」按钮,"1. 关闭弹窗；
2. 任务从列表移除，计数 - 1；
3. 可添加区域恢复 + 号，地图高亮取消；
4. 弹出绿色 Toast：“任务已删除”"
12903864,删除二次弹窗-取消--取消删除,P1,,主界面展示/任务区,整机软件V1.0/界面操作和任务设置/主界面展示/任务区/新建任务/任务列表操作/删除按钮交互,整机软件V1.0/界面操作和任务设置/主界面展示/任务区/新建任务/任务列表操作/删除按钮交互,A,机载 UI 可 Midscene 执行,convert_high,点击,,已打开删除任务二次确认弹窗,1. 点击弹窗中「取消」按钮,"1. 关闭弹窗，返回新建任务页；
2. 任务列表、地图高亮、可添加区域状态无变化，不删除任务"
12903865,删除任务后自动回首页,P1,,主界面展示/任务区,整机软件V1.0/界面操作和任务设置/主界面展示/任务区/新建任务/任务列表操作/删除按钮交互,整机软件V1.0/界面操作和任务设置/主界面展示/任务区/新建任务/任务列表操作/删除按钮交互,A,机载 UI 可 Midscene 执行,convert_high,点击,,已执行删除任务操作,1. 点击「删除」按钮完成删除,1. 删除成功后自动跳转回作业任务列表页（首页）；2. 首页加载正常，无卡顿 / 白屏
12903866,删除任务 Toast 提示验证,P2,,主界面展示/任务区,整机软件V1.0/界面操作和任务设置/主界面展示/任务区/新建任务/任务列表操作/删除按钮交互,整机软件V1.0/界面操作和任务设置/主界面展示/任务区/新建任务/任务列表操作/删除按钮交互,A,机载 UI 可 Midscene 执行,convert_high,点击,,已执行删除任务操作,1. 点击「删除」按钮完成删除,1. 顶部弹出绿色 Toast 提示 “任务已删除”；2. Toast 显示正常（2-3 秒），不遮挡关键 UI
12903867,删除弹窗防重复点击验证--不叠加执行，无奔溃,P2,,主界面展示/任务区,整机软件V1.0/界面操作和任务设置/主界面展示/任务区/新建任务/任务列表操作/删除按钮交互,整机软件V1.0/界面操作和任务设置/主界面展示/任务区/新建任务/任务列表操作/删除按钮交互,A,机载 UI 可 Midscene 执行,convert_high,点击,,已打开删除任务二次确认弹窗,1. 弹窗开启后，快速重复点击「删除」多次,1. 仅执行一次删除操作；2. 无多次弹窗叠加、无崩溃、无数据重复删除
12903868,弱网环境下删除任务验证---删除成功,P2,,主界面展示/任务区,整机软件V1.0/界面操作和任务设置/主界面展示/任务区/新建任务/任务列表操作/删除按钮交互,整机软件V1.0/界面操作和任务设置/主界面展示/任务区/新建任务/任务列表操作/删除按钮交互,A,机载 UI 可 Midscene 执行,convert_high,点击,,手机弱网 / 断网，已添加任务,1. 点击「删除」→ 确认删除,1. 弹出网络异常提示；2. 不执行删除操作，原有数据状态不变；3. APP 无崩溃
12903946,未建图定位正常，正确显示机器人定位及位置图标,P1,,主界面展示/地图展示区,整机软件V1.0/界面操作和任务设置/主界面展示/地图展示区/作业前地图展示,整机软件V1.0/界面操作和任务设置/主界面展示/地图展示区/作业前地图展示,A,机载 UI 可 Midscene 执行,convert_extra,进入,,机器人定位正常,"1. 机器人定位到地图上；
2. 进入地图展示区，观察位置图标；
3. 移动机器人，观察图标更新。",位置图标（如红色圆点）准确显示机器人当前位置，移动时实时更新
12903947,已建图定位正常，底图可查看当前定位地图及关联地图,P0,,主界面展示/地图展示区,整机软件V1.0/界面操作和任务设置/主界面展示/地图展示区/作业前地图展示,整机软件V1.0/界面操作和任务设置/主界面展示/地图展示区/作业前地图展示,A,机载 UI 可 Midscene 执行,convert_high,滑动,,"1.定位成功
2.创建一张地图包含多个区域，存在关联地图","1、1.存在至少一张关联地图，地图内有多个作业区、禁区等可滑动查看
2.刷新地图或打开首页，查看地图展示区默认显示
2、1.定位成功，已创建地图
2.机器当前定位位置不在已建地图区域，查看首页显示","1、1.首页地图展示区，默认显示当前地图内机器定位的区域（包含工作区、禁区等待定义）
2.可滑动查看其他区域，关联地图通过地图切换点连接显示，无缺失
2、1.地图显示当前定位卫星地图，可挪动底图查看已建图区域地图"
12903949,未建图定位失败时，显示随机卫星地图,P0,,主界面展示/地图展示区,整机软件V1.0/界面操作和任务设置/主界面展示/地图展示区/作业前地图展示,整机软件V1.0/界面操作和任务设置/主界面展示/地图展示区/作业前地图展示,A,机载 UI 可 Midscene 执行,convert_mid,显示,,机器人未建图，定位异常,"1. 确保机器人未建图，且设备定位异常；
2. 进入地图展示区，观察显示内容和提示。","1.底图显示随机卫星地图
2.任务列表为空有清晰的「创建地图」引导提示及创建地图按钮"
12903950,未建图定位成功时显示当前卫星图,P0,,主界面展示/地图展示区,整机软件V1.0/界面操作和任务设置/主界面展示/地图展示区/作业前地图展示,整机软件V1.0/界面操作和任务设置/主界面展示/地图展示区/作业前地图展示,A,机载 UI 可 Midscene 执行,convert_mid,显示,,机器人未建图，可获取卫星地图,"1. 确保机器人未建图，但设备可获取卫星地图；
2. 机器人定位成功；
3. 进入地图展示区，观察显示内容和提示。","1.显示机器人当前位置的卫星地图，
2.任务列表为空有清晰的「创建地图」引导提示及创建地图按钮"
12903951,非当前定位地图可正常切换显示,P2,,主界面展示/地图展示区,整机软件V1.0/界面操作和任务设置/主界面展示/地图展示区/作业前地图展示,整机软件V1.0/界面操作和任务设置/主界面展示/地图展示区/作业前地图展示,B,以观察/显示类步骤为主，需环境注入或截图断言,convert_mid,显示,,1.所选地图不在机器当前实际位置，查看地图显示,1、切换非当前定位的地图查看页面显示,1、正常显示切换后的地图
12903952,非工作状态首页不显示详细的语义地图,P2,,主界面展示/地图展示区,整机软件V1.0/界面操作和任务设置/主界面展示/地图展示区/作业前地图展示,整机软件V1.0/界面操作和任务设置/主界面展示/地图展示区/作业前地图展示,B,以观察/显示类步骤为主，需环境注入或截图断言,convert_mid,显示,,"1.设备状态正常，非割草，集草，吸割一体任务执行中
2.当前区域已建图，定位正常",1、1.挪动底图，缩放查看地图显示,1、底图根据比例尺缩放显示卫星地图及粗略版本语义地图（只显示边框及区域名称--具体根据ui显示)
12903954,已建图首页选中作业区域，底图高亮展示当前区域、面积及名称,P1,,主界面展示/地图展示区,整机软件V1.0/界面操作和任务设置/主界面展示/地图展示区/作业前地图展示,整机软件V1.0/界面操作和任务设置/主界面展示/地图展示区/作业前地图展示,A,机载 UI 可 Midscene 执行,convert_high,点击,,已建图包含作业A、B、C工作区域,1、1.点击底图选中A工作区域，查看地图显示,"1、1.选中A区域，底图高亮覆盖显示区域A及区域A边框、面积和区域名称
2.B、C区域边框、面积及名称不高亮"
12903957,手动切换不同地图，底图同步刷新,P1,,主界面展示/地图展示区,整机软件V1.0/界面操作和任务设置/主界面展示/地图展示区/作业前地图展示,整机软件V1.0/界面操作和任务设置/主界面展示/地图展示区/作业前地图展示,A,机载 UI 可 Midscene 执行,convert_high,点击,,创建多张地图,"1、1.当前定位地图正常展示
2.点击地图栏进入地图切换页面，切换其他地图查看首页显示",1、首页地图底图正常刷新为切换后的地图
12903959,未建图有定位 → 建图成功 → 已建图状态切换，页面地图显示信息提示正确,P2,,主界面展示/地图展示区,整机软件V1.0/界面操作和任务设置/主界面展示/地图展示区/作业前地图展示,整机软件V1.0/界面操作和任务设置/主界面展示/地图展示区/作业前地图展示,A,机载 UI 可 Midscene 执行,convert_extra,切换,,定位成功,1、查看有卫星未建图-建图成功页面状态切换,"1、底图界面有地图显示到显示机器人当前位置的卫星地图，
地图栏提示未建图界面有「新建地图」引导提示----
建图成功地图栏显示地图名称、底图显示新建的地图"
12903960,未建图无定位 → 有定位→ 未建图有定位状态切换，页面地图显示信息提示正确,P2,,主界面展示/地图展示区,整机软件V1.0/界面操作和任务设置/主界面展示/地图展示区/作业前地图展示,整机软件V1.0/界面操作和任务设置/主界面展示/地图展示区/作业前地图展示,A,机载 UI 可 Midscene 执行,convert_extra,切换,,设备可正常切换定位状态,"1、1.未建图无定位
2.未建图定位正常
3.查看页面状态切换","1、1.未建图无定位时显示随机卫星地图，界面提示新建地图
2.定位成功后显示当前位置卫星地图，界面提示新建地图
3.定位状态切换中及切换后页面无异常跳转，流畅切换"
12903961,支持缩放拖动地图操作流畅,P2,,主界面展示/地图展示区,整机软件V1.0/界面操作和任务设置/主界面展示/地图展示区/作业前地图展示,整机软件V1.0/界面操作和任务设置/主界面展示/地图展示区/作业前地图展示,A,机载 UI 可 Midscene 执行,convert_extra,进入、拖动、缩放、操作,,App 进入地图展示区,"1. 进入地图展示区；
2. 双指缩放地图（放大 / 缩小），单指拖动地图；
3. 连续操作 10 次以上，观察响应。",缩放、拖动响应及时，无延迟、无卡顿，地图显示正常
12903309,已建图时，（工作中）根据比例尺缩放大小切换显示语义及卫星地图,P1,,主界面展示/地图展示区,整机软件V1.0/界面操作和任务设置/主界面展示/地图展示区/作业中地图路线与进度展示,整机软件V1.0/界面操作和任务设置/主界面展示/地图展示区/作业中地图路线与进度展示,B,以观察/显示类步骤为主，需环境注入或截图断言,convert_mid,显示,,机器人已建图,1、1.新建地图，挪动缩放底图查看地图显示,1、根据比例尺缩放大小切换显示语义及卫星地图（根据产品定义、研发调研实现）
12903317,工作中任务列表展开全局状态页面显示--当前作业任务列表,P2,,主界面展示/地图展示区,整机软件V1.0/界面操作和任务设置/主界面展示/地图展示区/作业中地图路线与进度展示,整机软件V1.0/界面操作和任务设置/主界面展示/地图展示区/作业中地图路线与进度展示,A,机载 UI 可 Midscene 执行,convert_high,点击,,"1.机器状态正常
2.任务设置完成","1、1.开始任务（割草、集草、割吸一体），机器开始工作
2.工作中点击任务列表展开，查看页面显示","1、1.状态栏左侧显示当前机器状态
2.右侧任务列表收起按钮（点击可收起任务列表）
3.地图中区显示当前工作全部区域地图（显示工作路径、禁区、面积等详细信息）
4.地图区左侧显示聚焦按钮
5.页面底部右侧显示作业暂停及取消按钮
6.页面右侧显示任务栏（包含整体任务区域、作业类型参数、单区域工作进度、整体进度、剩余工作时间，作业参数可进行调整（点击具体任务，展开调节面板）"
12903318,地图定位按钮展示,P2,,主界面展示/地图展示区,整机软件V1.0/界面操作和任务设置/主界面展示/地图展示区/作业中地图路线与进度展示,整机软件V1.0/界面操作和任务设置/主界面展示/地图展示区/作业中地图路线与进度展示,A,机载 UI 可 Midscene 执行,convert_high,点击,,进入作业中页面,"1、1. 双指缩放地图
2.上下左右、放大缩小地图，点击聚焦（定位）按钮查看","1、1. 支持多级缩放，从全局到细节
2.自动归位到默认比例尺，展示当前机器定位区域"
12903319,抵达地图切换点自动切换地图后，底图同步刷新,P1,,主界面展示/地图展示区,整机软件V1.0/界面操作和任务设置/主界面展示/地图展示区/作业中地图路线与进度展示,整机软件V1.0/界面操作和任务设置/主界面展示/地图展示区/作业中地图路线与进度展示,A,机载 UI 可 Midscene 执行,convert_mid,显示,,创建多个关联地图,"1、1.当前地图正常展示
2.机器运行通过地图切换点自动切换工作地图后，查看底图显示",1、首页地图底图正常刷新为切换后的地图
12903777,左上角返回功能验证,P0,,快速任务/界面基础信息展示与操作,整机软件V1.0/界面操作和任务设置/快速任务/界面基础信息展示与操作/全局交互,整机软件V1.0/界面操作和任务设置/快速任务/界面基础信息展示与操作/全局交互,A,机载 UI 可 Midscene 执行,convert_high,点击,,1. 割草机器人设备在线；2.已建地图；3. 进入「快速任务」页面,"1. 未添加任务/已添加任务，未保存
2.点击页面左上角返回箭头","1. 弹窗未保存是否退出（确认成功返回上一级页面；取消停留当前页面）；
2. 页面切换无卡顿、无闪退、无 ANR"
12903778,退出重进任务列表记忆,P2,,快速任务/界面基础信息展示与操作,整机软件V1.0/界面操作和任务设置/快速任务/界面基础信息展示与操作/全局交互,整机软件V1.0/界面操作和任务设置/快速任务/界面基础信息展示与操作/全局交互,B,长时重启/等待,convert_extra,进入、退出、登录、保存、添加,长时重启/等待,1. 设备处于弱网 / 断网/正常网络环境；2. 进入快速任务页面,"1. 添加任务并保存；
2. 退出、重启设备 / 重新登录；
3. 进入快速任务页面","1. 任务列表加载上次保存的配置，无丢失；
2. 不同账号 / 设备数据独立，互不影响"
12903779,快速任务当前选中区域名称实时显示,P2,,快速任务/界面基础信息展示与操作,整机软件V1.0/界面操作和任务设置/快速任务/界面基础信息展示与操作/全局交互,整机软件V1.0/界面操作和任务设置/快速任务/界面基础信息展示与操作/全局交互,A,机载 UI 可 Midscene 执行,convert_extra,切换,,1. 进入快速任务页,1. 切换不同地图区域,1. 区域名称同步更新在任务添加列表显示
12903781,地图定位与视图交互双向同步,P2,,快速任务/界面基础信息展示与操作,整机软件V1.0/界面操作和任务设置/快速任务/界面基础信息展示与操作/全局交互,整机软件V1.0/界面操作和任务设置/快速任务/界面基础信息展示与操作/全局交互,A,机载 UI 可 Midscene 执行,convert_high,点击,,1. 割草机器人设备在线；2.已建地图；3. 进入「快速任务」页面,"1. 选中「可添加区域」中不在屏幕的区域；
2. 地图缩放 / 拖动查看其他区域；
3. 点击任务添加，验证自动定位","1. 地图自动移至目标区域，调整至可视位置；
2. 地图缩放 / 拖动流畅无卡顿；
3. 添加任务后自动高亮并定位，逻辑正常"
12903637,首次进入动画指引,P2,,快速任务/界面基础信息展示与操作,整机软件V1.0/界面操作和任务设置/快速任务/界面基础信息展示与操作/全局交互/首次进入引导验证,整机软件V1.0/界面操作和任务设置/快速任务/界面基础信息展示与操作/全局交互/首次进入引导验证,A,机载 UI 可 Midscene 执行,convert_extra,进入,,1. 首次开启快速任务,1. 进入首页,1. 弹出动画指引
12903640,指引未完成，下次会再弹窗,P2,,快速任务/界面基础信息展示与操作,整机软件V1.0/界面操作和任务设置/快速任务/界面基础信息展示与操作/全局交互/首次进入引导验证,整机软件V1.0/界面操作和任务设置/快速任务/界面基础信息展示与操作/全局交互/首次进入引导验证,A,机载 UI 可 Midscene 执行,convert_extra,关闭、添加、操作,,首次添加快速任务,"1、1.根据快速任务指引操作
2.还未进行到指引最后一步，关闭机器
3.再次开机重新添加快速任务查看",1、再次弹窗快速指引
12903378,地图点击工作区域选中添加任务,P2,,快速任务/界面基础信息展示与操作,整机软件V1.0/界面操作和任务设置/快速任务/界面基础信息展示与操作/任务操作,整机软件V1.0/界面操作和任务设置/快速任务/界面基础信息展示与操作/任务操作,A,机载 UI 可 Midscene 执行,convert_high,点击,,1. 割草机器人设备在线；2.已建地图；3. 进入「快速任务」页面,"1. 点击地图上的「A 区草坪」作业区域；
2. 重复点击「A 区草坪」观察次数提示；
3. 点击「B 区草坪」添加任务","1. 右侧任务列表同步新增对应任务，地图区域高亮；
2. 重复点击显示「已添加 X 次」，最多支持 5 次；
3. 多区域添加无冲突、无异常"
12903379,可添加区域列表点击添加任务验证,P2,,快速任务/界面基础信息展示与操作,整机软件V1.0/界面操作和任务设置/快速任务/界面基础信息展示与操作/任务操作,整机软件V1.0/界面操作和任务设置/快速任务/界面基础信息展示与操作/任务操作,A,机载 UI 可 Midscene 执行,convert_high,点击,,"1. 割草机器人设备在线；
2.已建地图；
3. 进入「快速任务」页面","1. 点击「可添加区域」列表中的「A 区草坪」；
2. 点击列表中任务的「编辑」图标；
3. 点击任务的「删除」（叉号）图标","1. 任务新增至右侧列表，地图高亮；
2. 跳转参数设置页面，可编辑参数并保存；
3. 确认删除，任务从列表移除，地图高亮取消"
12903380,任务列表编辑与参数保存,P2,,快速任务/界面基础信息展示与操作,整机软件V1.0/界面操作和任务设置/快速任务/界面基础信息展示与操作/任务操作,整机软件V1.0/界面操作和任务设置/快速任务/界面基础信息展示与操作/任务操作,A,机载 UI 可 Midscene 执行,convert_high,点击,,"1. 割草机器人设备在线；
2.已建地图；
3. 进入「快速任务」页面","1. 点击任务列表中任务的「编辑」图标；
2. 修改割盘高度、运行速度等参数；
3. 保存参数返回任务列表","1. 成功跳转参数设置页；
2. 参数修改生效，列表显示更新后的参数；
3. 无数据错乱、丢失"
12903381,任务列表长按排序验证,P2,,快速任务/界面基础信息展示与操作,整机软件V1.0/界面操作和任务设置/快速任务/界面基础信息展示与操作/任务操作,整机软件V1.0/界面操作和任务设置/快速任务/界面基础信息展示与操作/任务操作,A,机载 UI 可 Midscene 执行,convert_extra,长按、拖动、退出、保存,,1. 割草机器人设备在线；2.已建地图；3. 进入「快速任务」页面,1. 长按任务列表中的「A 区草坪」任务；2. 向上 / 下拖动调整排序位置；3. 保存排序后退出重进,1. 任务顺序实时更新，拖动流畅；2. 退出重进，排序保持不变，持久化有效
12903382,任务列表删除与恢复验证,P2,,快速任务/界面基础信息展示与操作,整机软件V1.0/界面操作和任务设置/快速任务/界面基础信息展示与操作/任务操作,整机软件V1.0/界面操作和任务设置/快速任务/界面基础信息展示与操作/任务操作,A,机载 UI 可 Midscene 执行,convert_high,点击,,"1. 割草机器人设备在线；
2.已建地图；
3. 进入「快速任务」页面","1. 点击任务列表中任务的「删除」图标；
2. 确认 / 取消删除弹窗（按产品设计）；
3. 重新添加已删除任务","1. 弹出确认弹窗，确认后移除任务；
2. 取消删除，列表 / 地图状态不变；
3. 恢复添加后功能正常"
12903383,可添加区域展示与添加限制验证,P2,,快速任务/界面基础信息展示与操作,整机软件V1.0/界面操作和任务设置/快速任务/界面基础信息展示与操作/任务操作,整机软件V1.0/界面操作和任务设置/快速任务/界面基础信息展示与操作/任务操作,A,机载 UI 可 Midscene 执行,convert_high,点击,,"1. 割草机器人设备在线；
2.已建地图；
3. 进入「快速任务」页面","1. 查看「可添加区域」列表显示状态；
2. 连续点击同一区域 5 次；
3. 删除已添加任务，观察列表恢复情况","1. 已添加区域显示「已添加 X 次」，未添加显示「+」；
2. 第 5 次添加逻辑正常，无崩溃、无报错；
3. 删除后区域重新显示在可添加列表"
12903385,高频操作稳定性验证--无奔溃anr,P2,,快速任务/界面基础信息展示与操作,整机软件V1.0/界面操作和任务设置/快速任务/界面基础信息展示与操作/任务操作,整机软件V1.0/界面操作和任务设置/快速任务/界面基础信息展示与操作/任务操作,A,机载 UI 可 Midscene 执行,convert_extra,切换、拖动、缩放、删除、添加,,"1. 设备处于弱网 / 断网环境；
2. 进入快速任务页面","1. 快速连续添加 / 删除多个任务；
2. 快速切换地图缩放 / 拖动视图",1. 页面无卡顿、无崩溃、无 ANR；2. UI 无错乱，数据同步准确
12903804,保存为任务功能验证,P0,,快速任务/界面基础信息展示与操作,整机软件V1.0/界面操作和任务设置/快速任务/界面基础信息展示与操作/作业按钮,整机软件V1.0/界面操作和任务设置/快速任务/界面基础信息展示与操作/作业按钮,A,机载 UI 可 Midscene 执行,convert_high,点击,,1. 割草机器人设备在线；2.已建地图；3. 进入「快速任务」页面,"1. 添加至少 1 个任务；
2. 点击「保存为任务」按钮；
3. 确认 / 取消保存弹窗","1. 弹出保存确认弹窗；
2. 确认后保存成功，可在首页任务列表查看；
3. 取消无数据保存"
12903805,快速任务点击保存，页面自动弹出键盘,P2,,快速任务/界面基础信息展示与操作,整机软件V1.0/界面操作和任务设置/快速任务/界面基础信息展示与操作/作业按钮,整机软件V1.0/界面操作和任务设置/快速任务/界面基础信息展示与操作/作业按钮,A,机载 UI 可 Midscene 执行,convert_high,点击,,1. 割草机器人设备在线；2.已建地图；3. 进入「快速任务」页面,1、1.新建任务，点击保存查看,"1、1.页面自动弹出键盘
2.键盘可正常收起，展开
3.键盘可正常使用"
12903808,开始作业按钮可用性与跳转验证,P1,,快速任务/界面基础信息展示与操作,整机软件V1.0/界面操作和任务设置/快速任务/界面基础信息展示与操作/作业按钮,整机软件V1.0/界面操作和任务设置/快速任务/界面基础信息展示与操作/作业按钮,A,机载 UI 可 Midscene 执行,convert_high,点击,,1. 割草机器人设备在线；2.已建地图；3. 进入「快速任务」页面,"1. 任务列表为空，点击「开始作业」；
2. 添加 1 个任务，点击「开始作业」","1. 按钮置灰不可点击，无异常点击；
2. 按钮高亮可点击，跳转至作业执行页面（按产品设计，开始3秒倒计时）"
12903399,快速任务默认执行割草工作模式,P0,,快速任务/工作模式参数设置联动验证,整机软件V1.0/界面操作和任务设置/快速任务/工作模式参数设置联动验证,整机软件V1.0/界面操作和任务设置/快速任务/工作模式参数设置联动验证,A,机载 UI 可 Midscene 执行,convert_extra,设置,,新建地图,1、选中区域-查看功能参数设置-开始任务,"1、1.功能模式默认执行割草工作模式，开始任务直接执行割草任务
2.（默认转速低、运行速度中）"
12903400,支持割草、收集、吸割一体三种模式选择,P1,,快速任务/工作模式参数设置联动验证,整机软件V1.0/界面操作和任务设置/快速任务/工作模式参数设置联动验证,整机软件V1.0/界面操作和任务设置/快速任务/工作模式参数设置联动验证,A,机载 UI 可 Midscene 执行,convert_extra,切换,,添加快速任务,1、查看快速任务面板，切换不同工作模式,1、页面显示割草、收集、吸割一体三种模式，可切换选中
12903401,模式切换即时生效,P2,,快速任务/工作模式参数设置联动验证,整机软件V1.0/界面操作和任务设置/快速任务/工作模式参数设置联动验证,整机软件V1.0/界面操作和任务设置/快速任务/工作模式参数设置联动验证,A,机载 UI 可 Midscene 执行,convert_extra,切换,,添加快速任务,"1、1.编辑任务区域工作参数
2.切换割草、收集、吸割一体模式查看",1、割草/收集/吸割一体工作模式切换即时生效
12903402,快速任务切换不同工作模式（割草、集草、吸割一体）对应参数设置同步切换,P1,,快速任务/工作模式参数设置联动验证,整机软件V1.0/界面操作和任务设置/快速任务/工作模式参数设置联动验证,整机软件V1.0/界面操作和任务设置/快速任务/工作模式参数设置联动验证,B,以观察/显示类步骤为主，需环境注入或截图断言,convert_mid,显示,,1.进入快速任务页面,1、快速任务切换割草、收集、割吸一体，查看页面对应参数设置显示,"1、1.切换到割草显示割草工作模式对应可设置的参数列表
2.切换到收集显示收集工作模式对应可设置的参数列表
3.切换到割吸一体显示割吸一体工作模式对应可设置的参数列表"
12903403,快速任务单工作模式设置成功,P2,,快速任务/工作模式参数设置联动验证,整机软件V1.0/界面操作和任务设置/快速任务/工作模式参数设置联动验证,整机软件V1.0/界面操作和任务设置/快速任务/工作模式参数设置联动验证,A,机载 UI 可 Midscene 执行,convert_extra,设置,,地图已创建,1、分别设置割草、集草、割吸一体模式，开始任务,1、快速任务启动成功，机器工作模式及参数符合要求
12903404,快速任务组合任务（先割后吸、先吸后割）可设置成功,P2,,快速任务/工作模式参数设置联动验证,整机软件V1.0/界面操作和任务设置/快速任务/工作模式参数设置联动验证,整机软件V1.0/界面操作和任务设置/快速任务/工作模式参数设置联动验证,A,机载 UI 可 Midscene 执行,convert_extra,设置,,地图已创建,"1、1.设置一个草坪先割草后集草查看
2、设置一个草坪先集草后割草查看
3、设置一个草坪先割吸一体后集草查看
4、设置一个草坪割草另一个草坪集草再一个草坪割吸一体查看","1、先割后集执行快速任务，无异常
2、先集后割执行快速任务，无异常
3、先割吸一体后集草执行快速任务，无异常
4、三个草坪分别执行对应的任务，模式切换正常无异常"
12903405,快速任务设置保存后，可在首页任务列表中直接复用,P1,,快速任务/工作模式参数设置联动验证,整机软件V1.0/界面操作和任务设置/快速任务/工作模式参数设置联动验证,整机软件V1.0/界面操作和任务设置/快速任务/工作模式参数设置联动验证,A,机载 UI 可 Midscene 执行,convert_extra,设置、保存,,已建地图并保存,1、设置快速任务并保存，到任务列表查看并复用,1、保存任务成功，任务列表点击该快速任务可直接启动任务
12903406,多条快速任务可分别保存成功，不会覆盖,P2,,快速任务/工作模式参数设置联动验证,整机软件V1.0/界面操作和任务设置/快速任务/工作模式参数设置联动验证,整机软件V1.0/界面操作和任务设置/快速任务/工作模式参数设置联动验证,A,机载 UI 可 Midscene 执行,convert_extra,设置、保存,,已保存至少 1 条任务,1、再次设置快速任务保存查看,1、任务保存成功，不会覆盖或替换之前保存的任务
12903690,快速任务设置可执行,P0,,快速任务/完整流程验证,整机软件V1.0/界面操作和任务设置/快速任务/完整流程验证,整机软件V1.0/界面操作和任务设置/快速任务/完整流程验证,A,机载 UI 可 Midscene 执行,convert_high,点击、选择,,1. 已创建地图,"1. 在地图上框选区域2. 选择任务模式（如割草）
3. 设置参数（如速度、割盘转速）
4. 点击 “开始作业”","1. 开始任务倒计时结束后，机器直接执行快速任务
2. 界面显示实时地图和任务进度"
12903692,快速任务必填项校验,P2,,快速任务/完整流程验证,整机软件V1.0/界面操作和任务设置/快速任务/完整流程验证,整机软件V1.0/界面操作和任务设置/快速任务/完整流程验证,A,机载 UI 可 Midscene 执行,convert_high,点击,,进入快速任务页面,"1、1.未选中区域添加任务
2.直接点击开始作业或保存为任务组合",1、1.开始作业及保存为任务组合按钮置灰显示，无法操作
12903886,设置按钮跳转设置页,P0,,（底部）快捷栏/设置,整机软件V1.0/界面操作和任务设置/（底部）快捷栏/设置/充电/返航点设置,整机软件V1.0/界面操作和任务设置/（底部）快捷栏/设置/充电/返航点设置,A,机载 UI 可 Midscene 执行,convert_high,点击,,进入主界面，左下快捷栏可见,1. 点击 “设置” 按钮,1. 正常进入设置界面，无闪退、无白屏
12903887,已设置回充点时点击充电--正常回充,P0,,（底部）快捷栏/设置,整机软件V1.0/界面操作和任务设置/（底部）快捷栏/设置/充电/返航点设置,整机软件V1.0/界面操作和任务设置/（底部）快捷栏/设置/充电/返航点设置,A,机载 UI 可 Midscene 执行,convert_high,点击,,已设置回充点，机器空闲,1. 点击 “充电” 按钮,"1. 机器立即前往回充点
2. 页面同步显示 “机器人正在前往充电桩名称”，名称与设置一致"
12903888,未设置回充点时点击充电--机器原地不动、提示设置回充点,P1,,（底部）快捷栏/设置,整机软件V1.0/界面操作和任务设置/（底部）快捷栏/设置/充电/返航点设置,整机软件V1.0/界面操作和任务设置/（底部）快捷栏/设置/充电/返航点设置,A,机载 UI 可 Midscene 执行,convert_high,点击,,未设置回充点，机器空闲,1. 点击 “充电” 按钮,"1. 弹出 Toast 提示 “未设置回充点，请前往地图设置”
2. 机器停在原点，无移动"
12903889,未设置充电点时去设置入口可跳转,P1,,（底部）快捷栏/设置,整机软件V1.0/界面操作和任务设置/（底部）快捷栏/设置/充电/返航点设置,整机软件V1.0/界面操作和任务设置/（底部）快捷栏/设置/充电/返航点设置,A,机载 UI 可 Midscene 执行,convert_high,点击,,未设置充电点位,1、1.页面点击充电按钮查看,1、跳转到地图编辑，可设置充电点位
12903890,回充过程中支持暂停/继续,P1,,（底部）快捷栏/设置,整机软件V1.0/界面操作和任务设置/（底部）快捷栏/设置/充电/返航点设置,整机软件V1.0/界面操作和任务设置/（底部）快捷栏/设置/充电/返航点设置,A,机载 UI 可 Midscene 执行,convert_high,点击,,已触发充电回充,"1. 点击 “暂停回充” 按钮
2.返航中暂停后点击‘继续回充’","1. 回充立即暂停，机器停在当前位置
2.页面显示继续回充按钮，点击继续回充"
12903891,回充过程中支持取消,P1,,（底部）快捷栏/设置,整机软件V1.0/界面操作和任务设置/（底部）快捷栏/设置/充电/返航点设置,整机软件V1.0/界面操作和任务设置/（底部）快捷栏/设置/充电/返航点设置,A,机载 UI 可 Midscene 执行,convert_high,点击,,已触发回充,1. 点击 “取消回充” 按钮,1. 回充立即终止，机器停在当前位置
12903893,已设置返航点时点击返航,P0,,（底部）快捷栏/设置,整机软件V1.0/界面操作和任务设置/（底部）快捷栏/设置/充电/返航点设置,整机软件V1.0/界面操作和任务设置/（底部）快捷栏/设置/充电/返航点设置,A,机载 UI 可 Midscene 执行,convert_high,点击,,已设置返航点，机器空闲,1. 点击 “返航” 按钮,"1. 机器立即前往返航点，路径规划合理
2. 页面显示 “机器人正在返航至返航点”，名称与设置一致"
12903894,返航过程中支持取消,P1,,（底部）快捷栏/设置,整机软件V1.0/界面操作和任务设置/（底部）快捷栏/设置/充电/返航点设置,整机软件V1.0/界面操作和任务设置/（底部）快捷栏/设置/充电/返航点设置,A,机载 UI 可 Midscene 执行,convert_high,点击,,已触发返航,1. 点击 “取消返航” 按钮,1. 返航立即终止，机器停在当前位置
12903895,返航过程中支持暂停/继续,P1,,（底部）快捷栏/设置,整机软件V1.0/界面操作和任务设置/（底部）快捷栏/设置/充电/返航点设置,整机软件V1.0/界面操作和任务设置/（底部）快捷栏/设置/充电/返航点设置,A,机载 UI 可 Midscene 执行,convert_high,点击,,已触发返航,"1. 点击 “暂停返航” 按钮
2.返航中暂停后点击‘继续返航’","1. 返航立即暂停，机器停在当前位置
2.页面显示继续返航按钮，点击继续返航"
12903896,未设置返航点时点击返航--机器原地不动、提示设置返航点,P1,,（底部）快捷栏/设置,整机软件V1.0/界面操作和任务设置/（底部）快捷栏/设置/充电/返航点设置,整机软件V1.0/界面操作和任务设置/（底部）快捷栏/设置/充电/返航点设置,A,机载 UI 可 Midscene 执行,convert_high,点击,,未设置返航点，机器空闲,1. 点击 “返航” 按钮,"1. 弹出提示 “未设置返航点，请先设置”
2. 机器停在原点，无移动"
12903897,未设置返航点时去设置入口跳转,P1,,（底部）快捷栏/设置,整机软件V1.0/界面操作和任务设置/（底部）快捷栏/设置/充电/返航点设置,整机软件V1.0/界面操作和任务设置/（底部）快捷栏/设置/充电/返航点设置,A,机载 UI 可 Midscene 执行,convert_high,点击,,未设置返航点，返航提示有 “去设置” 入口,1. 点击提示中的 “去设置”,1. 跳转至返航点设置页
12903898,任务执行中点击充电 / 返航二次确认,P2,,（底部）快捷栏/设置,整机软件V1.0/界面操作和任务设置/（底部）快捷栏/设置/充电/返航点设置,整机软件V1.0/界面操作和任务设置/（底部）快捷栏/设置/充电/返航点设置,A,机载 UI 可 Midscene 执行,convert_high,点击,,机器正在执行割草 / 收集任务,1. 点击 “充电” 或 “返航” 按钮,1. 弹出二次确认：“当前正在执行任务，是否中断并返航 / 充电？”2. 确认后中断任务并执行返航 / 充电
12903899,低电量优先级＞返航,P2,,（底部）快捷栏/设置,整机软件V1.0/界面操作和任务设置/（底部）快捷栏/设置/充电/返航点设置,整机软件V1.0/界面操作和任务设置/（底部）快捷栏/设置/充电/返航点设置,A,机载 UI 可 Midscene 执行,convert_high,点击,,电量≤10%，机器空闲,1. 点击 “返航“ 按钮,1. 优先执行低电回充
12903968,无网络时点击设置按钮--正常跳转,P2,,（底部）快捷栏/边界异常场景,整机软件V1.0/界面操作和任务设置/（底部）快捷栏/边界异常场景,整机软件V1.0/界面操作和任务设置/（底部）快捷栏/边界异常场景,A,机载 UI 可 Midscene 执行,convert_high,点击,,关闭设备网络,1. 点击 “设置” 按钮,1. 可进入本地设置页2. 提示 “当前无网络，仅显示本地设置”
12903969,机器离线点击充电/返航，任务正常执行,P2,,（底部）快捷栏/边界异常场景,整机软件V1.0/界面操作和任务设置/（底部）快捷栏/边界异常场景,整机软件V1.0/界面操作和任务设置/（底部）快捷栏/边界异常场景,A,机载 UI 可 Midscene 执行,convert_high,点击,,关闭设备网络,1、快捷栏点击充电/返航，查看机器及页面显示,"1、1.机器正常执行充电、返航任务
2.导航正常抵达充电点、返航点"
12903970,机器执行作业/回充/返航时，点击设置不影响任务,P2,,（底部）快捷栏/边界异常场景,整机软件V1.0/界面操作和任务设置/（底部）快捷栏/边界异常场景,整机软件V1.0/界面操作和任务设置/（底部）快捷栏/边界异常场景,A,机载 UI 可 Midscene 执行,convert_high,点击,,机器工作中割草/收集/割吸一体/返航/充电,1、快捷栏点击设置按钮查看,1、进入设置页面，不影响当前机器任务执行
12903971,定位异常时充电 / 返航按钮隐藏,P2,,（底部）快捷栏/边界异常场景,整机软件V1.0/界面操作和任务设置/（底部）快捷栏/边界异常场景,整机软件V1.0/界面操作和任务设置/（底部）快捷栏/边界异常场景,A,机载 UI 可 Midscene 执行,convert_high,点击,,机器定位信号丢失,1. 点击 “充电” 或 “返航” 按钮,1.快捷栏充电、返航按钮隐藏
12903973,连续点击回充、返航、设置，页面无重复指令、无卡死、无闪退,P2,,（底部）快捷栏/边界异常场景,整机软件V1.0/界面操作和任务设置/（底部）快捷栏/边界异常场景,整机软件V1.0/界面操作和任务设置/（底部）快捷栏/边界异常场景,A,机载 UI 可 Midscene 执行,convert_high,点击,,开机正常,1、连续点击回充、返航、设置，查看页面响应,1、页面无重复指令、无卡死、无闪退
12903965,急停动画需要执行’按钮已复位‘才能关闭,P2,,UI/UE,整机软件V1.0/界面操作和任务设置/UI/UE/ui新增/急停状态,整机软件V1.0/界面操作和任务设置/UI/UE/ui新增/急停状态,A,机载 UI 可 Midscene 执行,convert_high,点击,,1.触发急停,"1、1.屏幕操作关闭动画显示
2.点击按钮已复位查看",1、1.机身急停按钮未复位，操作整机屏幕及点击按钮已复位，急停弹窗不关闭有提示
12903966,急停按钮复位操作正确执行,P1,,UI/UE,整机软件V1.0/界面操作和任务设置/UI/UE/ui新增/急停状态,整机软件V1.0/界面操作和任务设置/UI/UE/ui新增/急停状态,A,机载 UI 可 Midscene 执行,convert_high,点击,,设备在空闲/任务下发/工作中/手动接管/倾倒/返航/回充/空闲/故障等状态下,"1、1.触发急停
2.机身旋转弹起急停按钮
3.整机屏幕点击""按钮已复位""按钮","1、1. 系统执行急停复位操作
2. 界面状态更新为正常运行状态
3. 急停按钮提示消失
4. 系统恢复正常操作权限"
12903393,任务命名输入框默认为空，不可保存,P2,,UI/UE,整机软件V1.0/界面操作和任务设置/UI/UE/ui新增/保存任务命名,整机软件V1.0/界面操作和任务设置/UI/UE/ui新增/保存任务命名,A,机载 UI 可 Midscene 执行,convert_high,输入,,触发快速任务/新建任务等保存任务,"1、1. 保存弹窗任务命名
2. 查看弹窗输入框默认显示","1、1. ""保存""按钮置灰不可点击
2. 红色字体提示""请为任务命名""
3. 任务无法保存"
12903394,任务命名输入框正确显示字符计数,P2,,UI/UE,整机软件V1.0/界面操作和任务设置/UI/UE/ui新增/保存任务命名,整机软件V1.0/界面操作和任务设置/UI/UE/ui新增/保存任务命名,A,机载 UI 可 Midscene 执行,convert_high,输入,,触发快速任务/新建任务等保存任务,"1、1. 保存弹窗任务命名
2. 在输入框中输入字符","1、1. 输入框右侧实时显示字符计数（如""0/50""）
 2. 字符计数随输入实时更新"
12903395,任务命名字符数在限制范围内可正常保存,P0,,UI/UE,整机软件V1.0/界面操作和任务设置/UI/UE/ui新增/保存任务命名,整机软件V1.0/界面操作和任务设置/UI/UE/ui新增/保存任务命名,A,机载 UI 可 Midscene 执行,convert_high,点击、输入,,触发快速任务/新建任务等保存任务,"1、1. 保存弹窗任务命名
2. 输入1-50个字符后点击保存","1、1. 字符计数显示（如""30/50""）
 2. ""保存""按钮可用（蓝色高亮）
 3. 点击保存后任务成功保存"
12903396,任务命名字符数超出限制时正确提示并阻止保存,P2,,UI/UE,整机软件V1.0/界面操作和任务设置/UI/UE/ui新增/保存任务命名,整机软件V1.0/界面操作和任务设置/UI/UE/ui新增/保存任务命名,A,机载 UI 可 Midscene 执行,convert_high,点击、输入,,触发快速任务/新建任务等保存任务,"1、1. 保存弹窗任务命名
2. 输入超过50个字符后点击保存","1、1. 字符计数50/50提示
 2. 字符限制输入
 3. ""保存""按钮置灰不可点击
 4. 任务无法保存"
12903397,任务命名取消操作正确执行,P2,,UI/UE,整机软件V1.0/界面操作和任务设置/UI/UE/ui新增/保存任务命名,整机软件V1.0/界面操作和任务设置/UI/UE/ui新增/保存任务命名,A,机载 UI 可 Midscene 执行,convert_high,点击,,触发快速任务/新建任务等保存任务,"1、1. 保存弹窗任务命名
2. 点击""取消""按钮","1、1. 关闭保存任务弹窗
 2. 输入内容不保存
 3. 返回上一级页面"
12903398,任务命名输入框支持特殊字符输入,P2,,UI/UE,整机软件V1.0/界面操作和任务设置/UI/UE/ui新增/保存任务命名,整机软件V1.0/界面操作和任务设置/UI/UE/ui新增/保存任务命名,A,机载 UI 可 Midscene 执行,convert_high,输入,,触发快速任务/新建任务等保存任务,"1、1. 保存弹窗任务命名
2. 输入特殊字符（如@#$%等）","1、1. 特殊字符可正常输入
 2. 字符计数正常统计
 3. 在字符限制内可正常保存"
12903303,加载完成后自动隐藏加载动画,P2,,UI/UE,整机软件V1.0/界面操作和任务设置/UI/UE/ui新增/加载中,整机软件V1.0/界面操作和任务设置/UI/UE/ui新增/加载中,A,机载 UI 可 Midscene 执行,convert_high,等待,,"1. 进入作业地图页面
2. 页面数据正在加载",1、等待数据加载完成,"1、1. 加载动画自动消失
2. 页面内容正常显示
3. 任务列表/地图区域正常渲染"
12903304,加载超时正确显示错误提示,P2,,UI/UE,整机软件V1.0/界面操作和任务设置/UI/UE/ui新增/加载中,整机软件V1.0/界面操作和任务设置/UI/UE/ui新增/加载中,A,机载 UI 可 Midscene 执行,convert_high,等待,,"1. 进入作业地图页面
2. 网络延迟或服务端响应超时（模拟地图数据量过大",1、等待加载超时,"1、1. 加载动画持续一段时间后停止
2. 显示加载超时提示文案
3. 提供重试按钮或其他操作选项
4. 页面状态清晰指示加载失败"
12903305,加载过程中底部按钮不可点击,P1,,UI/UE,整机软件V1.0/界面操作和任务设置/UI/UE/ui新增/加载中,整机软件V1.0/界面操作和任务设置/UI/UE/ui新增/加载中,A,机载 UI 可 Midscene 执行,convert_high,点击,,"1. 进入作业地图页面
2. 页面数据正在加载",1、尝试点击底部操作按钮,"1、1. 设置、返航、回充按钮置灰不可点击
2. 按钮状态明确显示不可用"
12903388,长按关机按键3秒后正确弹出关机重启界面,P0,,UI/UE,整机软件V1.0/界面操作和任务设置/UI/UE/ui新增/关机,整机软件V1.0/界面操作和任务设置/UI/UE/ui新增/关机,A,机载 UI 可 Midscene 执行,convert_extra,长按,,"1. 系统正常运行中
2. 具备操作权限",1、长按电源按键3秒,"1、1. 弹出关机重启确认界面
2. 显示红色""关机""按钮和蓝色""重启""按钮
3. 显示关闭按钮（X）
4. 背景页面半透明显示"
12903389,点击关机按钮正确执行关机操作,P1,,UI/UE,整机软件V1.0/界面操作和任务设置/UI/UE/ui新增/关机,整机软件V1.0/界面操作和任务设置/UI/UE/ui新增/关机,A,机载 UI 可 Midscene 执行,convert_high,点击,,"1. 关机重启界面已弹出
2. 用户具备操作权限","1、点击红色""关机""按钮","1、1. 系统执行关机流程
2. 显示关机提示信息
3. 设备正常关闭"
12903390,点击重启按钮正确执行重启操作,P1,,UI/UE,整机软件V1.0/界面操作和任务设置/UI/UE/ui新增/关机,整机软件V1.0/界面操作和任务设置/UI/UE/ui新增/关机,A,机载 UI 可 Midscene 执行,convert_high,点击,,"1. 关机重启界面已弹出
2. 用户具备操作权限","1、点击蓝色""重启""按钮","1、1. 系统执行重启流程
2. 显示重启提示信息
3. 设备正常重启并进入系统"
12903391,点击关闭按钮正确关闭界面,P1,,UI/UE,整机软件V1.0/界面操作和任务设置/UI/UE/ui新增/关机,整机软件V1.0/界面操作和任务设置/UI/UE/ui新增/关机,A,机载 UI 可 Midscene 执行,convert_high,点击,,1. 关机重启界面已弹出,1、点击中间的关闭按钮（X）,"1、1. 关闭关机重启界面
2. 返回正常操作页面
3. 系统继续正常运行"
12903392,长按10秒按键直接关机功能正确,P0,,UI/UE,整机软件V1.0/界面操作和任务设置/UI/UE/ui新增/关机,整机软件V1.0/界面操作和任务设置/UI/UE/ui新增/关机,A,机载 UI 可 Midscene 执行,convert_extra,长按,,1. 关机重启界面已弹出,1、1.触发关机重启界面后，长按关机按键10秒,"1、1. 直接执行关机操作
2. 无需点击关机按钮
3. 设备正常关闭"
12903373,倾倒过程中取消、暂停、定位按钮可用,P2,,UI/UE,整机软件V1.0/界面操作和任务设置/UI/UE/ui新增/返航/回充/倾倒中,整机软件V1.0/界面操作和任务设置/UI/UE/ui新增/返航/回充/倾倒中,A,机载 UI 可 Midscene 执行,convert_high,点击,,"1. 作业任务执行中
2. 集草箱达到容量上限
3.已设置自动倾倒","1、1.查看自动倾倒过程中页面显示
2.分别点击暂停、取消、挪动底图点击定位按钮查看","1、1.点击暂停，自动倾倒任务暂停，触发手动接管弹窗
2.点击取消，弹窗二次取消确认，确认取消后取消当前任务集任务，返回取消操作停留当前页面
3.挪动底图后点击定位按钮，底图默认归位居中展示当前机器定位区域"
12903375,返航过程中取消、暂停、定位按钮可用,P2,,UI/UE,整机软件V1.0/界面操作和任务设置/UI/UE/ui新增/返航/回充/倾倒中,整机软件V1.0/界面操作和任务设置/UI/UE/ui新增/返航/回充/倾倒中,A,机载 UI 可 Midscene 执行,convert_high,点击,,"1.作业任务中
2.触发返航操作","1、1.查看返航过程中页面显示
2.分别点击暂停、取消、挪动底图点击定位按钮查看","1、1.点击暂停，返航任务暂停，触发手动接管弹窗
2.点击取消，弹窗二次取消确认，确认取消后取消当前任务集任务，返回取消操作停留当前页面
3.挪动底图后点击定位按钮，底图默认归位居中展示当前机器定位区域"
12903377,回充过程中取消、暂停、定位按钮可用,P2,,UI/UE,整机软件V1.0/界面操作和任务设置/UI/UE/ui新增/返航/回充/倾倒中,整机软件V1.0/界面操作和任务设置/UI/UE/ui新增/返航/回充/倾倒中,A,机载 UI 可 Midscene 执行,convert_high,点击,,"1.作业任务中
2.触发回充操作","1、1.查看回充过程中页面显示
2.分别点击暂停、取消、挪动底图点击定位按钮查看","1、1.点击暂停，回充任务暂停，触发手动接管弹窗
2.点击取消，弹窗二次取消确认，确认取消后取消当前任务集任务，返回取消操作停留当前页面
3.挪动底图后点击定位按钮，底图默认归位居中展示当前机器定位区域"
12904023,单点触摸,P2,,UI/UE,整机软件V1.0/界面操作和任务设置/UI/UE/手势操作识别准确性/屏幕触摸交互,整机软件V1.0/界面操作和任务设置/UI/UE/手势操作识别准确性/屏幕触摸交互,A,机载 UI 可 Midscene 执行,convert_high,点击,,开机成功，屏幕可操作,1、1.点击图标、按钮查看,1、点击图标、按钮，响应准确，无延迟、无失灵
12904025,多点触摸,P2,,UI/UE,整机软件V1.0/界面操作和任务设置/UI/UE/手势操作识别准确性/屏幕触摸交互,整机软件V1.0/界面操作和任务设置/UI/UE/手势操作识别准确性/屏幕触摸交互,A,机载 UI 可 Midscene 执行,convert_extra,缩放,,1.建图成功,1、双指缩放地图查看,1、双指缩放地图，放大缩小正常，无崩溃
12904026,边缘触摸,P2,,UI/UE,整机软件V1.0/界面操作和任务设置/UI/UE/手势操作识别准确性/屏幕触摸交互,整机软件V1.0/界面操作和任务设置/UI/UE/手势操作识别准确性/屏幕触摸交互,A,机载 UI 可 Midscene 执行,convert_high,点击,,开机成功,1、1.点击屏幕上下左右四角,1、屏幕四角、四周边缘可正常点击，无盲区
12903750,按钮基础点击、长按、拖动操作验证,P2,,UI/UE,整机软件V1.0/界面操作和任务设置/UI/UE/手势操作识别准确性/按钮触控,整机软件V1.0/界面操作和任务设置/UI/UE/手势操作识别准确性/按钮触控,A,机载 UI 可 Midscene 执行,convert_high,点击,,按钮处于可正常使用状态,1. 单次点击按钮；2. 长按按钮；3. 对可拖动按钮进行拖动操作,操作响应正常，功能按设计触发，拖动无异常
12903751,按钮禁用与状态切换触控验证,P2,,UI/UE,整机软件V1.0/界面操作和任务设置/UI/UE/手势操作识别准确性/按钮触控,整机软件V1.0/界面操作和任务设置/UI/UE/手势操作识别准确性/按钮触控,A,机载 UI 可 Midscene 执行,convert_high,点击,,按钮存在可用与禁用两种状态,1. 点击禁用按钮；2. 切换为可用后立即点击；3. 再次切换禁用操作,禁用时无响应，状态切换后触控正常生效
12903752,按钮加载态防重复点击验证,P2,,UI/UE,整机软件V1.0/界面操作和任务设置/UI/UE/手势操作识别准确性/按钮触控,整机软件V1.0/界面操作和任务设置/UI/UE/手势操作识别准确性/按钮触控,A,机载 UI 可 Midscene 执行,convert_high,点击,,按钮点击后存在加载状态,1. 点击按钮进入加载；2. 加载中重复点击按钮,加载期间拦截点击，无重复请求与界面异常
12903753,按钮重复点击与多触点操作验证,P2,,UI/UE,整机软件V1.0/界面操作和任务设置/UI/UE/手势操作识别准确性/按钮触控,整机软件V1.0/界面操作和任务设置/UI/UE/手势操作识别准确性/按钮触控,A,机载 UI 可 Midscene 执行,convert_high,点击,,按钮可正常点击,1. 快速连续点击按钮；2. 双指同时点击按钮,防重处理生效，多触点操作无异常
12903754,浮层遮挡按钮触控穿透验证,P2,,UI/UE,整机软件V1.0/界面操作和任务设置/UI/UE/手势操作识别准确性/按钮触控,整机软件V1.0/界面操作和任务设置/UI/UE/手势操作识别准确性/按钮触控,B,物理/射频环境,convert_high,点击,物理/射频环境,按钮被弹窗或浮层覆盖,点击被遮挡的按钮区域,不会触发底层按钮，无触控穿透问题
12903755,触控中断与弱网环境操作验证,P2,,UI/UE,整机软件V1.0/界面操作和任务设置/UI/UE/手势操作识别准确性/按钮触控,整机软件V1.0/界面操作和任务设置/UI/UE/手势操作识别准确性/按钮触控,A,机载 UI 可 Midscene 执行,convert_high,点击,,触发按钮相关功能，处于弱网或后台中断场景,1. 操作中切后台、锁屏；2. 弱网下点击功能按钮,恢复后状态正常，弱网仅影响接口不影响触控
12903756,页面刷新重绘后按钮触控验证,P2,,UI/UE,整机软件V1.0/界面操作和任务设置/UI/UE/手势操作识别准确性/按钮触控,整机软件V1.0/界面操作和任务设置/UI/UE/手势操作识别准确性/按钮触控,A,机载 UI 可 Midscene 执行,convert_high,点击,,页面存在刷新或按钮重绘逻辑,1. 刷新中点击按钮；2. 刷新完成后操作按钮,刷新中拦截操作，刷新后按钮触控正常
12903662,地图区域单选、切换及取消选中验证,P2,,UI/UE,整机软件V1.0/界面操作和任务设置/UI/UE/页面操作,整机软件V1.0/界面操作和任务设置/UI/UE/页面操作,A,机载 UI 可 Midscene 执行,convert_high,点击,,地图加载可作业区域,"1、1. 点击单个作业区域A查看选中效果；
2. 点击其他区域B切换选中；
3. 再次点击其他区域B查看","1、1. A区域高亮展示选中样式，反馈及时；
2. 切换选中时上一区域A选中状态取消；
3. 二次选择区域B后取消选中状态"
12903663,禁区选中拦截及地图操作后选中状态验证,P2,,UI/UE,整机软件V1.0/界面操作和任务设置/UI/UE/页面操作,整机软件V1.0/界面操作和任务设置/UI/UE/页面操作,A,机载 UI 可 Midscene 执行,convert_high,点击,,已选中地图区域，地图存在禁区,"1、1. 点击禁区查看反馈；
2. 对地图进行缩放、平移操作；","1、1. 禁区无法选中，
2. 缩放平移后选中状态跟随地图正常展示；"
12903664,任务列表常规滑动及惯性滑动验证,P2,,UI/UE,整机软件V1.0/界面操作和任务设置/UI/UE/页面操作,整机软件V1.0/界面操作和任务设置/UI/UE/页面操作,A,机载 UI 可 Midscene 执行,convert_high,点击、滑动,,任务列表存在多条数据,"1、1. 上下滑动列表；
2. 快速滑动触发惯性滚动，滚动中点击列表","1、1. 滑动流畅无卡顿；
2. 点击后惯性滚动立即停止，无误触发操作"
12903631,二次确认类弹窗（集草箱已满 / 参数未保存等）全屏居中显示合理性验证,P2,,UI/UE,整机软件V1.0/界面操作和任务设置/UI/UE/页面操作/弹窗合理性/弹窗显示合理性,整机软件V1.0/界面操作和任务设置/UI/UE/页面操作/弹窗合理性/弹窗显示合理性,A,机载 UI 可 Midscene 执行,convert_mid,检查,,触发二次确认场景（如集草箱已满、参数未保存退出、任务删除）,"1. 触发对应二次确认场景，弹出弹窗；
2. 观察弹窗位置、布局；
3. 检查内容完整性","1. 弹窗全屏居中显示，符合 UI 设计；
2. 背景遮罩层正常，底层不可操作；
3. 提示文案、图标、按钮完整无截断，样式符合设计规范"
12903632,弹窗遮罩层合理性验证,P2,,UI/UE,整机软件V1.0/界面操作和任务设置/UI/UE/页面操作/弹窗合理性/弹窗显示合理性,整机软件V1.0/界面操作和任务设置/UI/UE/页面操作/弹窗合理性/弹窗显示合理性,A,机载 UI 可 Midscene 执行,convert_high,点击,,触发任意全屏居中弹窗（如任务确认、集草箱已满）,"1. 弹出弹窗后，检查遮罩层覆盖范围、灰化效果；
2. 点击遮罩层区域；
3. 操作底层界面元素","1. 遮罩层半透明灰化，完整覆盖整个屏幕，无漏显；
2. 底层界面完全不可操作，点击无响应；
3. 点击遮罩层按设计逻辑执行（关闭弹窗 / 无响应），无穿透问题"
12903633,弹窗层级与堆叠合理性验证,P2,,UI/UE,整机软件V1.0/界面操作和任务设置/UI/UE/页面操作/弹窗合理性/弹窗显示合理性,整机软件V1.0/界面操作和任务设置/UI/UE/页面操作/弹窗合理性/弹窗显示合理性,A,机载 UI 可 Midscene 执行,convert_extra,关闭,,可触发多个弹窗场景（如取消任务+弹窗集草箱已满）,"1. 先触取消任务；
2. 再触发集草箱已满；
3. 依次关闭弹窗，观察层级顺序","1. 后触发的弹窗层级更高，完整覆盖前序弹窗；
2. 关闭上层弹窗后，下层弹窗正常显示，无错乱；
3. 无弹窗重叠、层级颠倒、界面卡死问题"
12903634,弹窗动画合理性验证,P2,,UI/UE,整机软件V1.0/界面操作和任务设置/UI/UE/页面操作/弹窗合理性/弹窗显示合理性,整机软件V1.0/界面操作和任务设置/UI/UE/页面操作/弹窗合理性/弹窗显示合理性,A,机载 UI 可 Midscene 执行,convert_extra,关闭,,触发各类弹窗,"1. 观察弹窗弹出动画；
2. 观察弹窗关闭动画；
3. 连续快速触发 / 关闭弹窗","1. 弹出 / 收起动画流畅自然，无卡顿、掉帧；
2. 动画时长符合设计规范；
3. 连续操作无动画错乱、弹窗残留"
12903292,弹窗多关闭方式逻辑合理性验证,P2,,UI/UE,整机软件V1.0/界面操作和任务设置/UI/UE/页面操作/弹窗合理性/弹窗业务逻辑交互合理性,整机软件V1.0/界面操作和任务设置/UI/UE/页面操作/弹窗合理性/弹窗业务逻辑交互合理性,A,机载 UI 可 Midscene 执行,convert_high,点击,,触发任意全屏居中弹窗,"1. 点击弹窗「取消」按钮；
2. 点击遮罩层（设计确认是否可关闭）；
3. 点击「确认」按钮","1. 点击取消 / 返回 / 遮罩（支持时）：弹窗正常关闭，不执行对应操作；
2. 点击确认：执行对应业务操作，弹窗关闭；
3. 无关闭失效、误关闭、操作残留问题"
12903293,弹窗误触拦截合理性验证,P2,,UI/UE,整机软件V1.0/界面操作和任务设置/UI/UE/页面操作/弹窗合理性/弹窗业务逻辑交互合理性,整机软件V1.0/界面操作和任务设置/UI/UE/页面操作/弹窗合理性/弹窗业务逻辑交互合理性,A,机载 UI 可 Midscene 执行,convert_high,点击、滑动,,触发全屏居中弹窗,"1. 点击弹窗外部遮罩层；
2. 点击弹窗边缘外区域；
3. 尝试滑动底层页面","1. 遮罩层点击按设计逻辑执行，不触发底层操作；
2. 无弹窗穿透、误触底层按钮问题；
3. 弹窗存在时，底层页面滑动被完全拦截"
